Item Name,UOM,Item Category,Variance ,Base Price,ID,No Decimal Values
AATA,kg,KIRANA,0.00,50.00,"292482000000390837",false
AGARBATTI,Packets,F&B GENERAL PURCHASE,0.00,10.00,"292482000001776617",true
AGRI MASALA,kg,KIRANA,0.00,850.00,"292482000002393245",false
AGRI MASALA ( DONT USE THIS ),kg,KIRANA,0.00,0.00,"292482000002974409",false
AJINOMOTO,kg,KIRANA,0.00,300.00,"292482000000390787",false
AJWAIN,kg,KIRANA,0.00,400.00,"292482000000390829",false
ALMONDS- BADAM,kg,KIRANA,0.00,1000.00,"292482000000390805",false
AMCHOR POWDER ,kg,KIRANA,0.00,1000.00,"292482000000929351",false
AROMATE PWD ( DONT USE THIS ),kg,KIRANA,0.00,0.00,"292482000000932475",false
AROMATIC POWDER (100 GM PACKET),Packets,KIRANA,0.00,60.00,"292482000000390727",true
ARROWROOT POWDER,kg,KIRANA,0.00,60.00,"292482000004094261",false
AUTO 1,Trip,F&B TRANSPORT,0.00,,"292482000001235013",true
AUTO 2,Trip,F&B TRANSPORT,0.00,,"292482000005078413",true
BABY CORN,Packets,VEGETABLES,0.00,50.00,"292482000000368811",true
BABY POTATO ,kg,VEGETABLES,0.00,50.00,"292482000000368871",false
Badi Souf (Mukhwas),kg,KIRANA,0.00,400.00,"292482000001386929",false
BADISAUF ( DONT USE THIS ITEM ),Grams,KIRANA,0.00,0.00,"292482000000390857",false
BAKING POWDER,kg,KIRANA,0.00,600.00,"292482000002435171",false
BAKING SODA,kg,KIRANA,0.00,200.00,"292482000000406057",false
BAMBOO SEVAI (KHEER),kg,KIRANA,0.00,220.00,"292482000000392073",false
BANANA RAW (PIECES),Pieces ,VEGETABLES,0.00,8.00,"292482000000368807",true
BANANA RIPE (PIECES),Pieces ,VEGETABLES,0.00,8.00,"292482000002597395",true
BASMATI RICE,kg,KIRANA,0.00,120.00,"292482000000377701",false
BBQ Masala,kg,KIRANA,0.00,550.00,"292482000002121007",false
BEANS FRENCH,kg,VEGETABLES,0.00,150.00,"292482000000368819",false
BEET ROOT,kg,VEGETABLES,0.00,60.00,"292482000000368823",false
BESAN,kg,KIRANA,0.00,120.00,"292482000000377759",false
BHENDI,kg,VEGETABLES,0.00,80.00,"292482000000368827",false
BIRISTA ( FRIED ONION ),kg,KIRANA,0.00,500.00,"292482000004458869",false
BIRYANI ESSENCE,Bottle,KIRANA,0.00,100.00,"292482000002906339",true
BIRYANI MASALA,kg,KIRANA,0.00,1600.00,"292482000000392007",false
BISCUIT,kg,KIRANA,0.00,10.00,"292482000000392183",true
BITTER GOURD - KARELA DON'T USE,kg,VEGETABLES,0.00,80.00,"292482000000368831",false
BLACK CHANA,kg,KIRANA,0.00,110.00,"292482000000377767",false
BLACK CHANA VEG DON'T USE,kg,VEGETABLES,0.00,160.00,"292482000003480043",false
BLACK HIT,Bottle,F&B GENERAL PURCHASE,0.00,335.00,"292482000008636672",true
BLACK PEPPER POWDER ,kg,KIRANA,0.00,1600.00,"292482000000904027",false
BLACK SALT,kg,KIRANA,0.00,80.00,"292482000000377775",false
BLACK URAD (TUKDA),kg,KIRANA,0.00,140.00,"292482000000929331",false
BOONDI,kg,KIRANA,0.00,350.00,"292482000002870537",false
BOTTLE GOURD - LAUKI,kg,VEGETABLES,0.00,60.00,"292482000000375131",false
Bournvita 500 gm,Bottle,KIRANA,0.00,263.00,"292482000006695093",true
BREAD BROWN - 400 GM  ,Packets,DAIRY,0.00,55.00,"292482000000390155",true
BREAD CRUMBS,kg,KIRANA,0.00,250.00,"292482000000406101",false
BREAD WHITE - 400 GM ,Packets,DAIRY,0.00,50.00,"292482000000390715",true
BREAD WHITE - 750 GM,Packets,DAIRY,0.00,80.00,"292482000000390711",true
BRINJAL BHARTA - BIG,kg,VEGETABLES,0.00,70.00,"292482000000368835",false
BRINJAL KATERI - SMALL,kg,VEGETABLES,0.00,80.00,"292482000000368839",false
BROCOLLI,kg,VEGETABLES,0.00,100.00,"292482000000368843",false
Broom (Hard Jhadu),Pieces ,F&B GENERAL PURCHASE,0.00,60.00,"292482000006520661",true
Broom (Soft Jhadu),Pieces ,F&B GENERAL PURCHASE,0.00,110.00,"292482000006520649",true
BUTTER (1 KG),kg,DAIRY,0.00,620.00,"292482000000379059",true
BUTTER (100 GM),Packets,DAIRY,0.00,70.00,"292482000005730821",true
BUTTER (500 GM),Pieces ,DAIRY,0.00,480.00,"292482000005730843",true
BUTTER CHICKEN MASALA,kg,KIRANA,0.00,500.00,"292482000000390961",false
BUTTER MILK- CHAAS,Litre,DAIRY,0.00,40.00,"292482000000390251",true
CABBAGE,kg,VEGETABLES,0.00,50.00,"292482000000368847",false
CAPSICUM - GREEN,kg,VEGETABLES,0.00,100.00,"292482000000368863",false
CAPSICUM - RED DON'T USE,Pieces ,VEGETABLES,0.00,0.00,"292482000000368859",false
CAPSICUM - YELLOW DON'T USE,Pieces ,VEGETABLES,0.00,0.00,"292482000000368855",true
Capsicum Red & Yellow (Pack of 2),Packets,VEGETABLES,0.00,100.00,"292482000001269289",false
CARROT,kg,VEGETABLES,0.00,70.00,"292482000000368867",false
CARRY BAG,Pieces ,F&B GENERAL PURCHASE,0.00,10.00,"292482000002261021",true
CAULIFLOWER,kg,VEGETABLES,0.00,100.00,"292482000000368883",false
Celery,Grams,VEGETABLES,0.00,250.00,"292482000007632616",false
CHAAT MASALA,kg,KIRANA,0.00,880.00,"292482000000392049",false
CHANA DAL,kg,KIRANA,0.00,120.00,"292482000000377723",false
CHANA MASALA,kg,KIRANA,0.00,900.00,"292482000000904019",false
CHEESE (1 KG BLOCK),kg,DAIRY,0.00,670.00,"292482000000379075",true
CHEESE (200 GM),Pieces ,DAIRY,0.00,125.00,"292482000006174309",true
CHEESE (500 gm),kg,DAIRY,0.00,300.00,"292482000006194043",true
CHEESE CUBE (50g),Pieces ,DAIRY,0.00,20.00,"292482000000379079",true
CHEESE SAUCE (200 gm ),Pieces ,KIRANA,0.00,110.00,"292482000006317065",true
CHEESE SLICE,Packets,DAIRY,0.00,160.00,"292482000000390235",false
Cherry (Red),kg,KIRANA,0.00,600.00,"292482000007141403",false
CHICKEN BIRYANI MASALA,kg,KIRANA,0.00,1520.00,"292482000000392011",false
CHICKEN CUBE MASALA (50 GM),Pieces ,DAIRY,0.00,35.00,"292482000006180557",true
CHICKEN LEG PIECE,kg,MEAT,0.00,320.00,"292482000004280599",false
CHICKEN LOLLYPOP,kg,MEAT,0.00,250.00,"292482000000390111",false
CHICKEN MASALA,kg,KIRANA,0.00,960.00,"292482000000392031",false
CHICKEN TANDOORI MASALA,kg,KIRANA,0.00,1000.00,"292482000000904023",false
CHICKEN TIKKA MASALA,kg,KIRANA,0.00,1000.00,"292482000000392053",false
CHICKEN- BONELESS,kg,MEAT,10.00,400.00,"292482000000379139",false
CHICKEN- CUT PIECE,kg,MEAT,10.00,240.00,"292482000000390279",false
CHILLY FLAKES,kg,KIRANA,0.00,1200.00,"292482000000390759",false
CHILLY GREEN,kg,VEGETABLES,0.00,100.00,"292482000000368887",false
CHILLY PICKLE ,kg,KIRANA,0.00,400.00,"292482000000390905",false
CHILLY PICKLE ( DONT USE THIS ),Pieces ,KIRANA,0.00,0.00,"292482000000932091",false
CHOCO CHIP ICE CREAM,Pieces ,DAIRY,0.00,200.00,"292482000001364617",true
CHOCOLATE SYRUP,Litre,KIRANA,0.00,240.00,"292482000000390977",true
Coal,kg,DAIRY,0.00,50.00,"292482000001364625",false
COCCINEA - TINDLI,kg,VEGETABLES,0.00,100.00,"292482000000368903",false
COCONUT,Pieces ,VEGETABLES,0.00,50.00,"292482000000375119",true
COCONUT POWDER ,kg,KIRANA,0.00,400.00,"292482000000929347",false
COFFEE,Pieces ,KIRANA,0.00,2.00,"292482000000377743",true
Colour Yellow,Pieces ,KIRANA,0.00,78.00,"292482000001776629",false
COLOUR- GREEN,Pieces ,KIRANA,0.00,90.00,"292482000000390799",false
COLOUR- RED/ORANGE,Pieces ,KIRANA,0.00,85.00,"292482000000390795",false
CORN,Pieces ,VEGETABLES,0.00,25.00,"292482000001218216",false
CORN FLAKES,kg,KIRANA,0.00,600.00,"292482000002879357",false
CORNFLOUR,kg,KIRANA,0.00,100.00,"292482000000392135",false
COW PEA - GREEN CHAWLI,kg,VEGETABLES,0.00,80.00,"292482000000375111",false
COW PEAS (CHAWLI),kg,KIRANA,0.00,2500.00,"292482000005868393",false
CREAM (1 LTR),Litre,DAIRY,0.00,400.00,"292482000000379063",true
CREAM (250 ML),Pieces ,DAIRY,0.00,90.00,"292482000005730825",true
CUCUMBER GREEN,kg,VEGETABLES,0.00,70.00,"292482000000375115",false
CUSTARD POWDER,kg,KIRANA,0.00,500.00,"292482000000406021",false
DAHI (1KG PKT),kg,DAIRY,0.00,86.00,"292482000000379055",true
DAHI (500 GM PKT),Packets,DAIRY,0.00,45.00,"292482000005730857",true
DALIYA,kg,KIRANA,0.00,200.00,"292482000000392151",false
DHANIYA POWDER,kg,KIRANA,0.00,403.75,"292482000000390813",false
DISH WASHER LIQUID,Pieces ,F&B GENERAL PURCHASE,0.00,,"292482000001776621",true
Dishwashing Liquid,Litre,F&B GENERAL PURCHASE,0.00,,"292482000001932057",true
Disposable Glasses,Packets,F&B GENERAL PURCHASE,0.00,,"292482000001776083",false
Drainer,Pieces ,F&B GENERAL PURCHASE,,30.00,"292482000009430526",true
DRUMSTICK,kg,VEGETABLES,0.00,120.00,"292482000000375127",false
DRY COCONUT,kg,KIRANA,0.00,500.00,"292482000000929339",false
EGGS,Pieces ,MEAT,0.00,9.00,"292482000000390185",true
ELAICHI POWDER,kg,KIRANA,0.00,5000.00,"292482000003010209",false
Elephant foot yam,kg,VEGETABLES,0.00,100.00,"292482000009148145",false
ENO ,Pieces ,KIRANA,0.00,11.00,"292482000000406053",true
F APPLE LOCAL INDIAN (IN KG),kg,VEGETABLES,0.00,200.00,"292482000000390231",false
F BANANA REGULAR (PIECES),Pieces ,VEGETABLES,0.00,8.00,"292482000000390259",true
F GRAPES GREEN (IN KG),kg,VEGETABLES,0.00,100.00,"292482000000390275",false
F GUAVA (IN KG),kg,FRUITS,0.00,100.00,"292482000000390287",false
F KIWI IMPORTED (IN KG),kg,FRUITS,0.00,500.00,"292482000000390639",false
F MANGO HAPUS (IN KG),kg,FRUITS,0.00,400.00,"292482000000390659",false
F MANGO RAW (IN KG),kg,FRUITS,0.00,200.00,"292482000000390667",false
F ORANGE INDIAN (IN KG),kg,FRUITS,0.00,120.00,"292482000000390675",false
F PAPAYA (IN KG),kg,FRUITS,0.00,60.00,"292482000000390683",false
F PINAPPLE (IN KG),kg,FRUITS,0.00,140.00,"292482000000390743",false
F POMOGRANATE (IN KG),kg,VEGETABLES,0.00,220.00,"292482000000390695",false
F STRAWBERRY (IN KG),kg,FRUITS,0.00,400.00,"292482000000390703",false
F WATERMELON (IN KG),kg,VEGETABLES,0.00,60.00,"292482000000390707",false
FALOODA SEVAI ( 100 gm ),kg,KIRANA,0.00,110.00,"292482000000392077",false
Farasbi ( DONT USE THIS ITEM ),kg,VEGETABLES,0.00,0.00,"292482000001780669",false
FARSAN (GATHIYA),kg,KIRANA,0.00,200.00,"292482000000392119",false
FARSAN (MIX),kg,KIRANA,0.00,200.00,"292482000000392115",false
FISH FRY MASALA,kg,KIRANA,,980.00,"292482000008286805",false
Fish Masala,kg,KIRANA,,980.00,"292482000009396105",false
FISH- BANGDA,Pieces ,MEAT,0.00,,"292482000000367069",false
FISH- BASA,kg,MEAT,0.00,,"292482000000390139",false
FISH- BOMBIL,kg,MEAT,0.00,1000.00,"292482000008286679",false
FISH- KATLA,kg,MEAT,0.00,,"292482000000390131",false
FISH- POMFRET,kg,MEAT,,1000.00,"292482000008286697",false
FISH- PRAWNS MEDIUM,Pieces ,MEAT,0.00,,"292482000000390095",false
FISH- PRAWNS SMALL,kg,MEAT,0.00,,"292482000000390083",false
FISH- PRAWNS TIGER,kg,MEAT,0.00,,"292482000000390099",false
FISH- RAWAS,kg,MEAT,0.00,,"292482000000390075",false
FISH- SURMAI,kg,MEAT,0.00,,"292482000000367065",false
FRENCH FRIES,kg,KIRANA,0.00,450.00,"292482000000406045",false
FRIED NOODLES,kg,KIRANA,0.00,295.00,"292482000009938613",false
FROZEN- BABY CORN PILLED,kg,DAIRY,0.00,220.00,"292482000000390171",false
FROZEN- GREEN PEAS,kg,DAIRY,0.00,180.00,"292482000000390163",false
GALANGAL - THAI GINGER DON'T USE,kg,VEGETABLES,0.00,0.00,"292482000000390027",false
GARAM MASALA POWDER,kg,KIRANA,0.00,931.00,"292482000000392045",false
GARLIC CHUTNEY,Packets,KIRANA,0.00,350.00,"292482000000406097",false
GARLIC PASTE,kg,KIRANA,0.00,275.00,"292482000000406033",false
GARLIC PEELED DON'T USE,kg,VEGETABLES,0.00,0.00,"292482000000390031",false
Gas cylinder,Pieces ,F&B GAS,10.00,1550.00,"292482000002901247",true
Gas Cylinder 17 kg (Shortage),Pieces ,F&B GAS,0.00,4500.00,"292482000007982178",true
Gas Cylinder 21kg (shortage),Pieces ,F&B GAS,0.00,5500.00,"292482000007982184",true
GAS LIGHTER,Pieces ,F&B GENERAL PURCHASE,0.00,150.00,"292482000002393227",true
GAWAAR BEANS,kg,VEGETABLES,0.00,100.00,"292482000002583709",false
GHEE (200GM) AMUL,Bottle,KIRANA,0.00,140.00,"292482000002499773",true
GHEE (200GM) GOVARDHAN,Bottle,KIRANA,0.00,199.00,"292482000002131259",true
GHEE (200GM) HERITAGE,Bottle,KIRANA,0.00,185.00,"292482000002131255",true
GHEE (200GM) MADHWAN,Pieces ,KIRANA,0.00,175.00,"292482000000392139",true
Ghee Goavrdhan (500 gm ),Bottle,KIRANA,0.00,430.00,"292482000006284971",true
Ghee Madhwan ( 100 ml ),Bottle,KIRANA,0.00,90.00,"292482000006326105",true
GINGER,kg,VEGETABLES,0.00,200.00,"292482000000368791",false
GREEN CHILLI SAUCE (750 ML),Bottle,KIRANA,0.00,70.00,"292482000000390751",true
GREEN THAI CURRY ,kg,KIRANA,0.00,1500.00,"292482000000406089",false
GROUNDNUT- SINGDANA,kg,KIRANA,0.00,160.00,"292482000000390881",false
GULAB JAMUN POWDER,Packets,KIRANA,0.00,100.00,"292482000000377747",true
GUR BLACK,kg,KIRANA,0.00,70.00,"292482000000392103",false
Haewaya Expenses,Pieces ,F&B GENERAL PURCHASE,0.00,,"292482000002901265",false
HALDI POWDER,kg,KIRANA,0.00,460.00,"292482000000390817",false
HARPIC BIG,Bottle,F&B GENERAL PURCHASE,0.00,235.00,"292482000008636640",true
HING (100gm),Pieces ,KIRANA,0.00,114.00,"292482000000390833",true
HONEY (1 KG),kg,KIRANA,0.00,1000.00,"292482000000390853",false
Hot Corn Soup,Packets,KIRANA,,10.00,"292482000009279925",true
Ice Berg,kg,VEGETABLES,0.00,200.00,"292482000001780043",false
ICE CREAM- BUTTER SCOTCH,Pieces ,DAIRY,0.00,240.00,"292482000000379111",true
ICE CREAM- CHOCOLATE,Pieces ,DAIRY,0.00,240.00,"292482000000379095",true
ICE CREAM- KESAR PISTA,Pieces ,DAIRY,0.00,240.00,"292482000000379107",true
ICE CREAM- MANGO,Pieces ,DAIRY,0.00,240.00,"292482000000379103",true
ICE CREAM- ROASTED ALMOND,Pieces ,DAIRY,0.00,240.00,"292482000000379115",true
ICE CREAM- VANILLA (700g),Pieces ,DAIRY,0.00,150.00,"292482000000379099",true
IDLI AATA,kg,KIRANA,0.00,95.00,"292482000000406029",false
IDLI RAVA,kg,KIRANA,0.00,70.00,"292482000001776637",false
IMLY,kg,KIRANA,0.00,200.00,"292482000000390841",false
IMLY CHUTNEY,kg,KIRANA,0.00,400.00,"292482000008595090",false
JAIN KETCHUP,Packets,KIRANA,0.00,45.00,"292482000000904043",false
JAM ( CHITALE ),kg,KIRANA,0.00,450.00,"292482000002261071",true
JAM (KISSAN 100 GM),Pieces ,DAIRY,0.00,25.00,"292482000006174335",true
JAM (KISSAN 200 GM),Pieces ,DAIRY,0.00,90.00,"292482000005730829",true
JAM (KISSAN),kg,KIRANA,0.00,450.00,"292482000000924457",false
JAVITRI,kg,KIRANA,0.00,2660.00,"292482000005854159",false
JEERA POWDER,kg,KIRANA,0.00,880.00,"292482000000392155",false
Jowar Aata,kg,KIRANA,0.00,60.00,"292482000006769040",false
KAANDA LASOON MASALA,kg,KIRANA,0.00,320.00,"292482000002739593",false
KABULI CHANA,kg,KIRANA,0.00,180.00,"292482000000377763",false
KABULI CHANA VEG,kg,VEGETABLES,0.00,200.00,"292482000000884504",false
KAJU KANI,kg,KIRANA,0.00,700.00,"292482000000392159",false
KAJU TUKDA,kg,KIRANA,0.00,1000.00,"292482000000390973",false
Kani Rice,kg,KIRANA,0.00,50.00,"292482000001733117",false
KASHMIRI MIRCHI POWDER,kg,KIRANA,0.00,1050.00,"292482000000392041",false
KASTURI METHI,kg,KIRANA,0.00,1200.00,"292482000000390945",false
KESAR,kg,KIRANA,0.00,,"292482000000390993",false
KEWDA WATER (500ML),Bottle,KIRANA,0.00,100.00,"292482000000904723",true
KHADA GARAM MASALA,kg,KIRANA,0.00,1500.00,"292482000000904011",false
KHAS KHAS,kg,KIRANA,0.00,3000.00,"292482000000392099",false
KHEER MASALA (50 GM),Packets,KIRANA,0.00,50.00,"292482000005868401",true
KISMIS,kg,KIRANA,0.00,600.00,"292482000000390985",false
KITCHEN DUSTER,Packets,F&B GENERAL PURCHASE,0.00,,"292482000001776613",true
KITCHEN KING,kg,KIRANA,0.00,940.00,"292482000000392023",false
KOKAM SHARBAT,Bottle,KIRANA,,210.00,"292482000009417930",true
KOLAM RICE,kg,KIRANA,0.00,57.00,"292482000000377697",false
KOLHAPURI MASALA,kg,KIRANA,0.00,960.00,"292482000000392003",false
KULFI,Pieces ,DAIRY,0.00,20.00,"292482000000379091",true
KURMURA,kg,KIRANA,0.00,120.00,"292482000008595086",false
LASSI,Litre,DAIRY,0.00,,"292482000000390255",false
LEMON ,Pieces ,VEGETABLES,0.00,7.00,"292482000000390043",false
LEMON GRASS,Pieces ,VEGETABLES,0.00,20.00,"292482000000390047",false
LIJJAT PAPAD,kg,KIRANA,0.00,350.00,"292482000000390779",false
LIME PICKLE (KG),kg,KIRANA,0.00,200.00,"292482000001218659",false
LV BASIL LEAVES,Pieces ,VEGETABLES,0.00,280.00,"292482000000368815",false
LV BATHUA ,Pieces ,VEGETABLES,0.00,0.00,"292482000008563807",true
LV CORRIENDER,Pieces ,VEGETABLES,0.00,40.00,"292482000000390107",true
LV CURRY LEAVES - KADIPATTA,Pieces ,VEGETABLES,0.00,20.00,"292482000000390663",true
LV METHI,Pieces ,VEGETABLES,0.00,40.00,"292482000000390071",false
LV MINT LEAVES,Pieces ,VEGETABLES,0.00,25.00,"292482000000390647",false
LV PALAK,Pieces ,VEGETABLES,0.00,30.00,"292482000000390079",false
LV SPRING ONION,Pieces ,VEGETABLES,0.00,40.00,"292482000000390091",false
MACARONI PASTA,kg,KIRANA,0.00,100.00,"292482000000392081",false
MAGAJ,kg,KIRANA,0.00,800.00,"292482000000392163",false
MAGGIE,Packets,KIRANA,0.00,84.00,"292482000000392167",true
Maggie Big,Packets,KIRANA,,83.00,"292482000009406838",true
MAGGIE MASALA,Pieces ,KIRANA,0.00,5.00,"292482000000904039",true
MAGGIE VEG CUBES,Pieces ,KIRANA,0.00,35.00,"292482000000392143",false
MAIDA,kg,KIRANA,0.00,60.00,"292482000000392127",false
MAKHANA,kg,KIRANA,0.00,1250.00,"292482000006513985",false
MALVANI MASALA,kg,KIRANA,0.00,850.00,"292482000000390981",false
MANCHURIAN MASALA,Packets,KIRANA,0.00,10.00,"292482000002482311",false
MANGO PICKLE,kg,KIRANA,0.00,300.00,"292482000000390775",false
MASOOR DAL,kg,KIRANA,0.00,120.00,"292482000000377731",false
MATKI,kg,KIRANA,0.00,120.00,"292482000000390861",false
MATKI VEG DON'T USE,kg,VEGETABLES,0.00,0.00,"292482000003116649",false
MAVA,kg,DAIRY,0.00,320.00,"292482000002313675",false
MAYONNAISE,kg,KIRANA,0.00,650.00,"292482000000392095",false
MILK - BUFFLOW,Litre,DAIRY,0.00,76.00,"292482000000390755",false
MILK - COCONUT,Litre,DAIRY,0.00,500.00,"292482000000379047",false
MILK - COW,Litre,DAIRY,0.00,60.00,"292482000000390771",true
MILK - TETRA PACKET,Packets,DAIRY,0.00,75.00,"292482000000379051",true
Mirchi Thesa ,kg,KIRANA,0.00,500.00,"292482000007856056",false
MISAL MASALA,kg,KIRANA,0.00,1045.00,"292482000000392019",false
MIX DAL,kg,KIRANA,0.00,140.00,"292482000005517865",false
MIX DRY FRUIT,kg,KIRANA,0.00,1000.00,"292482000002280643",false
Mix Juice,Litre,KIRANA,0.00,142.00,"292482000007807887",true
MIX PICKLE,kg,KIRANA,0.00,400.00,"292482000000390893",false
MOJITO SYRUP (1 LITRE),Bottle,KIRANA,0.00,,"292482000000390949",true
MOONG DAL,kg,KIRANA,0.00,120.00,"292482000000377719",false
MOP,Pieces ,F&B GENERAL PURCHASE,0.00,225.00,"292482000006520645",true
MOZZARELLA CHEESE (200 GM),Pieces ,DAIRY,0.00,155.00,"292482000006035655",true
Mushroom (200g),Packets,VEGETABLES,0.00,50.00,"292482000001218192",true
MUSTARD OIL,Litre,KIRANA,0.00,190.00,"292482000000392147",false
MUTTON MASALA,kg,KIRANA,0.00,960.00,"292482000000377779",false
MUTTON- BONELESS,kg,MEAT,0.00,,"292482000000367061",false
MUTTON- WITH BONE,kg,MEAT,0.00,,"292482000000367057",false
NAVRATNA MIXER (BHUJIYA),kg,KIRANA,0.00,240.00,"292482000008595088",false
NOODLES (800G),kg,KIRANA,0.00,150.00,"292482000000392111",false
NUTMEG (JAYFAL),kg,KIRANA,0.00,2600.00,"292482000004458861",false
OIL,Litre,KIRANA,0.00,150.00,"292482000000377751",true
OLIVE OIL,Litre,KIRANA,0.00,,"292482000000929343",true
ONION,kg,VEGETABLES,0.00,40.00,"292482000000406203",false
OREGANO,kg,KIRANA,0.00,1200.00,"292482000000390763",false
PADWAL DON'T USE,kg,VEGETABLES,0.00,0.00,"292482000002381829",false
pakoda mirchi,kg,VEGETABLES,0.00,100.00,"292482000001854455",false
PANEER,kg,DAIRY,0.00,320.00,"292482000000379125",false
PANEER BUTTER MASALA,kg,KIRANA,0.00,1100.00,"292482000000392065",false
PANEER MASALA,kg,KIRANA,0.00,1100.00,"292482000000392069",false
PANEER TIKKA MASALA,kg,KIRANA,0.00,1100.00,"292482000000392061",false
PARWAL ,kg,VEGETABLES,0.00,80.00,"292482000000390119",false
PASTA SAUCE,kg,KIRANA,0.00,420.00,"292482000000392175",false
PAV (Pieces),Pieces ,BAKERY,0.00,2.50,"292482000000379071",true
PAV BHAJI MASALA,kg,KIRANA,0.00,940.00,"292482000000392057",false
PENNE PASTA,kg,KIRANA,0.00,160.00,"292482000000392091",false
PERI PERI MASALA,Pieces ,KIRANA,0.00,10.00,"292482000003303719",true
PINEAPPLE,kg,VEGETABLES,0.00,100.00,"292482000000406049",false
PISTA,kg,KIRANA,0.00,1800.00,"292482000000932155",false
Plate,Pieces ,KIRANA,0.00,4.00,"292482000006513119",true
POHA,kg,KIRANA,0.00,60.00,"292482000000392123",false
popcorn,kg,KIRANA,0.00,200.00,"292482000003041945",false
POTATO,kg,VEGETABLES,0.00,30.00,"292482000000368787",false
POTATO SWEET,kg,VEGETABLES,0.00,80.00,"292482000000390123",false
PULAO MASALA,kg,KIRANA,0.00,1600.00,"292482000000929335",false
PURI (PAANI PURI),Pieces ,KIRANA,0.00,,"292482000003010213",true
RADISH (MULI),Pieces ,VEGETABLES,0.00,50.00,"292482000006174195",false
RAI,kg,KIRANA,0.00,200.00,"292482000000390845",false
RAJMA,kg,KIRANA,0.00,180.00,"292482000000932215",false
rajma masala,kg,KIRANA,0.00,1000.00,"292482000000904015",false
RAWA,kg,KIRANA,0.00,70.00,"292482000000392131",false
RED CHILLI SAUCE (750 ML),Bottle,KIRANA,0.00,80.00,"292482000000390747",true
RED PEPPER SAUCE ,Pieces ,KIRANA,0.00,80.00,"292482000000937059",true
RED Pumpkin,kg,VEGETABLES,0.00,65.00,"292482000000368799",false
RICE AATA,kg,KIRANA,0.00,60.00,"292482000000406025",false
ROCK SUGAR,kg,KIRANA,0.00,50.00,"292482000000937055",false
ROCK SUGAR ( DONT USE THIS ),kg,KIRANA,0.00,0.00,"292482000001776633",false
ROOHAFZA (1 litre),Bottle,KIRANA,0.00,180.00,"292482000000390921",true
ROSE WATER,Bottle,KIRANA,0.00,100.00,"292482000000390849",true
SABUDANA,kg,KIRANA,0.00,80.00,"292482000000390885",false
SABZA,kg,KIRANA,0.00,400.00,"292482000000390929",false
SALT,kg,KIRANA,0.00,30.00,"292482000000390809",false
SAMBAR MASALA,kg,KIRANA,0.00,960.00,"292482000000392015",false
SARSON KA SAAG,Pieces ,VEGETABLES,0.00,30.00,"292482000002759885",true
SCHEZWAN CHUTNEY,kg,KIRANA,0.00,280.00,"292482000000390731",false
Scotch Brite,Packets,KIRANA,0.00,45.00,"292482000007113142",true
SEASAME OIL,Litre,KIRANA,,,"292482000008286839",false
SELA BASMASTI,kg,KIRANA,0.00,110.00,"292482000000884412",false
Silver Bag,Packets,KIRANA,0.00,300.00,"292482000007173166",false
SILVER FOIL,Pieces ,KIRANA,0.00,405.00,"292482000002393003",true
SOYA SAUCE (750ML),Bottle,KIRANA,0.00,70.00,"292482000000390739",false
SOYA VADI,kg,KIRANA,0.00,100.00,"292482000000390957",false
Sponge,Pieces ,F&B GENERAL PURCHASE,0.00,,"292482000001927827",false
SPRING ROLL PATTI,Packets,DAIRY,0.00,120.00,"292482000000390783",true
Sprouts- Moong DON'T USE,kg,VEGETABLES,0.00,0.00,"292482000001364613",false
SUGAR,kg,KIRANA,0.00,45.00,"292482000000377735",false
Sunflower Oil,Litre,KIRANA,,150.00,"292482000006287011",true
Sunny Phenyl,Litre,F&B GENERAL PURCHASE,0.00,275.00,"292482000001983237",true
SURF POWDER,kg,F&B GENERAL PURCHASE,0.00,,"292482000002393219",false
Sweet Corn,kg,VEGETABLES,0.00,120.00,"292482000001902123",false
TANDOORI MASALA,kg,KIRANA,0.00,1000.00,"292482000000932947",false
Tar ghasni,Pieces ,F&B GENERAL PURCHASE,0.00,15.00,"292482000001920081",true
TEA MASALA,kg,KIRANA,0.00,1425.00,"292482000000392179",false
TEA POWDER,kg,KIRANA,0.00,620.00,"292482000000377739",false
Tempo,Trip,F&B TRANSPORT,0.00,10000.00,"292482000002137007",true
TIKHALAL POWDER ,kg,KIRANA,0.00,600.00,"292482000000904035",false
TOMATO - RED,kg,VEGETABLES,0.00,50.00,"292482000000368783",false
TOMATO KETCHUP,Packets,KIRANA,0.00,120.00,"292482000000390767",false
TOOR DAL,kg,KIRANA,0.00,140.00,"292482000000377705",false
Toothpick,Packets,F&B GENERAL PURCHASE,0.00,,"292482000001904117",false
TURAI (RIDGE GOURD),kg,VEGETABLES,0.00,100.00,"292482000002584019",false
Tuti Fruti,kg,KIRANA,0.00,250.00,"292482000001364621",false
URAD DAL,kg,KIRANA,0.00,160.00,"292482000000377727",false
Vati (small),Pieces ,KIRANA,0.00,1.50,"292482000006513127",true
Vim bar,Pieces ,F&B GENERAL PURCHASE,0.00,10.00,"292482000002111223",true
VINEGAR (650ml),Bottle,KIRANA,0.00,50.00,"292482000000390791",true
White Matar (vatana),kg,KIRANA,0.00,100.00,"292482000006357173",false
WHITE PEPPER POWDER ,kg,KIRANA,0.00,2540.00,"292482000000904031",false
WHOLE - CORIANDER SEED,kg,KIRANA,0.00,342.00,"292482000000392107",false
WHOLE BAY LEAF,kg,KIRANA,0.00,300.00,"292482000000390869",false
"WHOLE BLACK CARDAMOM4,200.00",kg,KIRANA,0.00,4200.00,"292482000000390873",false
WHOLE BLACK PEPPER,kg,KIRANA,0.00,1300.00,"292482000000390925",false
WHOLE BLACK SESAME SEED,kg,KIRANA,0.00,150.00,"292482000002423977",false
WHOLE BLACK URAD,kg,KIRANA,0.00,160.00,"292482000000377715",false
WHOLE CINNAMON,kg,KIRANA,0.00,1000.00,"292482000002702497",false
WHOLE CLOVES,kg,KIRANA,0.00,1600.00,"292482000000390877",false
WHOLE CUMIN SEED,kg,KIRANA,0.00,500.00,"292482000000390865",false
WHOLE GARLIC,kg,VEGETABLES,0.00,250.00,"292482000000390035",false
WHOLE GREEN CARDAMOM,kg,KIRANA,0.00,4000.00,"292482000000390901",false
WHOLE KAJU,kg,KIRANA,0.00,1200.00,"292482000000924743",false
WHOLE KASHMIRI CHILLY,kg,KIRANA,0.00,800.00,"292482000000390821",false
WHOLE METHI SEED,kg,KIRANA,0.00,160.00,"292482000000406013",false
WHOLE STAR ANISE,kg,KIRANA,0.00,2000.00,"292482000000390941",false
WHOLE WHITE SESAME SEED,kg,KIRANA,0.00,400.00,"292482000000390969",false
YELLOW BARIK SEV,kg,KIRANA,0.00,240.00,"292482000000390937",false
YELLOW RAI,kg,KIRANA,,,"292482000008286807",false
ZUCCHINI - GREEN,kg,VEGETABLES,0.00,180.00,"292482000000390207",false
ZUCCHINI - YELLOW,kg,VEGETABLES,0.00,180.00,"292482000000390193",false
