Villa Name,Active,Primary Villa,Rent Type,Primary,Secondary Villa,Location,State,Head Office,Ekostay ID,Max Occ (member),Haewaya ID,ID,BHK,Bathroom,Category,Modified Time,Added Time
Skyfall Cloud 6BHK Villa,true,,Lease,false,,Ooty And Coonoor,Tamil Nadu,,453,28.00,,"292482000010412065",6BHK,6.00,Gold,18-Aug-2026 18:45:58,20-Aug-2025 12:42:57
Skyfall Cloud 9BHK Villa,true,,Lease,false,,Ooty And Coonoor,Tamil Nadu,,454,42.00,,"292482000010407343",9BHK,9.00,Gold,18-Aug-2026 18:45:58,20-Aug-2025 12:42:57
Skyfall Cloud 12BHK Villa,true,,Lease,false,,Ooty And Coonoor,Tamil Nadu,,455,56.00,,"292482000010389267",12BHK,12.00,Gold,18-Aug-2026 18:45:58,20-Aug-2025 12:42:57
Hexagon Villa,true,,Lease,false,,Karjat,Maharashtra,,452,24.00,10697,"292482000010380874",6BHK,6.00,Gold,18-Aug-2026 18:48:42,20-Aug-2025 12:41:10
 House of Two- Anjuna,true, House of Two- Anjuna,Lease,false, House of Two- Anjuna,Goa,Goa,,451,8.00,,"292482000010045028",2BHK,2.00,Original,18-Aug-2026 18:43:44,20-Aug-2025 12:48:52
casa,false,casa,Lease,false,,Kullu and Manali,Himachal Pradesh,,213,10.00,,"292482000009927266",3BHK,3.00,Original,23-Jun-2026 15:20:51,20-Aug-2025 12:46:18
Lake Bliss Villa,true,Lake Bliss Villa,Lease,false,Lake Bliss Villa,Lonavala,Maharashtra,,449,12.00,"10681,","292482000009921186",4BHK,4.00,Gold,18-Aug-2026 18:50:06,05-Aug-2025 15:53:00
Lake Mist Villa,true,Lake Mist Villa,Lease,false,Lake Mist Villa,Lonavala,Maharashtra,,448,12.00,"10690,","292482000009912230",4BHK,4.00,Gold,18-Aug-2026 18:50:06,05-Aug-2025 15:53:00
Clifton Villa,true,Clifton Villa,Lease,false,Clifton Villa,Lonavala,Maharashtra,,450,24.00,10693,"292482000009897462",8BHK,8.00,Gold,18-Aug-2026 18:50:06,05-Aug-2025 15:53:00
Hillcrest Villa,false,Hillcrest Villa,Lease,false,,Dehradun,Uttarakand,,115,10.00,,"292482000009388058",3BHK,3.00,Gold,23-Jun-2026 15:18:26,20-Aug-2025 12:47:35
 Luna Goose Villa- Calangute,true, Luna Goose Villa- Calangute,Lease,false, Luna Goose Villa- Calangute,Goa,Goa,,447,20.00,10674,"292482000009367228",6.5BHK,5.00,Luxury,18-Aug-2026 18:43:44,20-Aug-2025 12:48:52
Greco Villa,true,Greco Villa,Revenue Share,false,Greco Villa,Igatpuri,Maharashtra,,446,20.00,,"292482000009111066",5BHK,5.00,Gold,18-Aug-2026 18:49:09,20-Aug-2025 12:40:53
 Brooklyn Villa,true, Brooklyn Villa,Revenue Share,false, Brooklyn Villa,Igatpuri,Maharashtra,,445,24.00,,"292482000009103030",6BHK,6.00,Gold,18-Aug-2026 18:49:09,20-Aug-2025 12:40:53
The Velvet Slope,true,The Velvet Slope,Lease,false,The Velvet Slope,Ooty And Coonoor,Tamil Nadu,,434,12.00,	8186,"292482000009043860",4BHK,4.00,Luxury,18-Aug-2026 18:45:58,20-Aug-2025 12:42:57
Corica Duplex Villa,true,Corica Duplex Villa,Revenue Share,false,Corica Duplex Villa,Igatpuri,Maharashtra,,444,18.00,,"292482000009016109",5BHK,5.00,Gold,18-Aug-2026 18:49:09,20-Aug-2025 12:40:53
Caprica duplex Villa,true,Caprica duplex Villa,Revenue Share,false,Caprica duplex Villa,Igatpuri,Maharashtra,,443,20.00,,"292482000008994718",6BHK,6.00,Gold,18-Aug-2026 18:49:09,20-Aug-2025 12:40:53
Silo Duplex Villa,true,Silo Duplex Villa,Revenue Share,false,Silo Duplex Villa,Igatpuri,Maharashtra,,442,20.00,,"292482000008940322",6BHK,6.00,Gold,18-Aug-2026 18:49:09,20-Aug-2025 12:40:53
 Milo Duplex Villa,true, Milo Duplex Villa,Revenue Share,false, Milo Duplex Villa,Igatpuri,Maharashtra,,441,15.00,,"292482000008935042",3BHK,3.00,Gold,18-Aug-2026 18:49:09,20-Aug-2025 12:40:53
The Ranch Villa,false,The Ranch Villa,Revenue Share,false,,Nashik,Maharashtra,,210,14.00,,"292482000008729120",4BHK,4.00,Gold,18-Aug-2026 18:47:20,14-May-2026 13:34:20
ONYX Villa,true,ONYX Villa,Revenue Share,false,ONYX Villa,Mumbai,Maharashtra,,440,15.00,,"292482000008262064",4BHK,4.00,Gold,18-Aug-2026 18:46:32,20-Aug-2025 12:42:14
Divine Villa,true,Divine Villa,Lease,false,Divine Villa,Ooty And Coonoor,Tamil Nadu,,439,20.00,	10597,"292482000008091741",7BHK,7.00,Gold,18-Aug-2026 18:45:58,20-Aug-2025 12:42:57
 Casa Elara,true, Casa Elara,Revenue Share,false, Casa Elara,Igatpuri,Maharashtra,,438,22.00,"10688,","292482000008025994",5BHK,7.00,Gold,18-Aug-2026 18:49:09,20-Aug-2025 12:40:53
Air Villa (4BHK),false,Air Villa (4BHK),Lease,false,,Panchgani,Maharashtra,,437,20.00,,"292482000008006304",4BHK,4.00,Original,18-Aug-2026 18:49:36,20-Aug-2025 12:40:36
 Casa Bella,true, Casa Bella,Revenue Share,false, Casa Bella,Lonavala,Maharashtra,,436,40.00,,"292482000007992517",8BHK,8.00,Luxury,18-Aug-2026 18:50:06,05-Aug-2025 15:53:00
Over the Stream Villa,true,Over the Stream Villa,Lease,false,Over the Stream Villa,Ooty And Coonoor,Tamil Nadu,,435,20.00,10599,"292482000007985256",4BHK,4.00,Luxury,18-Aug-2026 18:45:58,20-Aug-2025 12:42:57
Whispering Pines,true,Whispering Pines,Lease,false,Whispering Pines,Ooty And Coonoor,Tamil Nadu,,432,20.00,	10677,"292482000007983231",4BHK,3.00,Gold,18-Aug-2026 18:45:58,20-Aug-2025 12:42:57
Orchid Villa,true,Orchid Villa,Lease,false,Orchid Villa,Ooty And Coonoor,Tamil Nadu,,433,10.00,10675,"292482000007982350",4BHK,4.00,Gold,18-Aug-2026 18:45:58,20-Aug-2025 12:42:57
 Vanamora Villa,true, Vanamora Villa,Revenue Share,false,,Nashik,Maharashtra,,428,20.00,,"292482000007690134",5.5BHK,7.00,Gold,18-Aug-2026 18:47:20,14-May-2026 13:34:20
Sea Lagoon Villa,true,Sea Lagoon Villa,Revenue Share,true,,Alibaug,Maharashtra,,431,12.00,,"292482000007682004",4BHK,4.00,Gold,19-Aug-2026 04:59:56,05-Aug-2025 15:52:45
fcgfhbjnh,false,fcgfhbjnh,Lease,false,,Lonavala,Maharashtra,,430,20.00,,"292482000007472217",6BHK,6.00,Original,18-Aug-2026 18:50:06,05-Aug-2025 15:53:00
Wada Crest,true,Wada Crest,Revenue Share,false,Wada Crest,Wada,Maharashtra,,429,12.00,,"292482000007471654",3BHK,3.00,Gold,18-Aug-2026 18:46:56,20-Aug-2025 12:41:54
Dawn Villa,true,Dawn Villa,Lease,false,Dawn Villa,Ooty And Coonoor,Tamil Nadu,,426,14.00,10595,"292482000007348136",3BHK,3.00,Gold,18-Aug-2026 18:45:58,20-Aug-2025 12:42:57
Concrete Cove Villa,true,Concrete Cove Villa,Lease,false,Concrete Cove Villa,Lonavala,Maharashtra,,427,20.00,"10587,10687","292482000007342258",6BHK,6.00,Gold,18-Aug-2026 18:50:06,05-Aug-2025 15:53:00
Olive Goose Villa- Calangute,true,Olive Goose Villa- Calangute,Lease,false,Olive Goose Villa- Calangute,Goa,Goa,,424,20.00,10426,"292482000006632325",6.5BHK,6.00,Luxury,18-Aug-2026 18:43:44,20-Aug-2025 12:48:52
Dusk Villa,true,Dusk Villa,Lease,false,Dusk Villa,Ooty And Coonoor,Tamil Nadu,,422,16.00,10596,"292482000006184163",4BHK,4.00,Gold,18-Aug-2026 18:45:58,20-Aug-2025 12:42:57
Under The Pines,true,Under The Pines,Lease,false,Under The Pines,Ooty And Coonoor,Tamil Nadu,,423,20.00,10445,"292482000006180121",5BHK,6.00,Luxury,18-Aug-2026 18:45:58,20-Aug-2025 12:42:57
Santorini Villa,false,Santorini Villa,Revenue Share,false,Santorini Villa,Lonavala,,,,,,"292482000005922091",2,,,18-Aug-2026 18:50:06,05-Aug-2025 15:53:00
Ecstasy Villa,false,Ecstasy Villa,Lease,false,Ecstasy Villa,Igatpuri,,,,,,"292482000005922087",4,,,18-Aug-2026 18:49:09,20-Aug-2025 12:40:53
Grey Horizon,true,Grey Horizon,Lease,false,Grey Horizon,Karjat,Maharashtra,,420,16.00,"10113,10217","292482000004229893",4BHK,4.00,Gold,18-Aug-2026 18:48:42,20-Aug-2025 12:41:10
Trinity Villa,true,Trinity Villa,Lease,false,Trinity Villa,Karjat,Maharashtra,,419,12.00,10114,"292482000004198757",3BHK,3.00,Gold,18-Aug-2026 18:48:42,20-Aug-2025 12:41:10
Forest Cube Villa,true,Forest Cube Villa,Revenue Share,false,Forest Cube Villa,Chikmagalur,Karnataka,,418,10.00,,"292482000003810867",2BHK,2.00,Gold,18-Aug-2026 18:45:16,29-Dec-2025 14:54:18
Echo Villa,true,Helios Villa,Lease,false,,Kodaikanal,Tamil Nadu,,416,18.00,9500,"292482000003716073",6BHK,6.00,Gold,18-Aug-2026 18:43:17,20-Aug-2025 12:49:05
Helios Villa,true,Helios Villa,Lease,true,"Apollo Villa,Echo Villa",Kodaikanal,Tamil Nadu,,417,40.00,,"292482000003714943",12BHK,12.00,Gold,18-Aug-2026 18:43:17,20-Aug-2025 12:49:05
Brick Wood,false,Brick Wood,Revenue Share,false,Brick Wood,Karjat,Maharashtra,,414,14.00,,"292482000003641185",3BHK,3.00,Gold,18-Aug-2026 18:48:42,20-Aug-2025 12:41:10
Koral Wood,true,Koral Wood,Revenue Share,false,Koral Wood,Virar,Maharashtra,,413,14.00,,"292482000003601361",2BHK,3.00,Gold,18-Aug-2026 18:42:46,23-Oct-2025 13:22:57
Apollo Villa,true,Helios Villa,Lease,false,,Kodaikanal,Tamil Nadu,,415,18.00,9449,"292482000003584917",6BHK,6.00,Gold,18-Aug-2026 18:43:17,20-Aug-2025 12:49:05
Aurus Villa,true,Aurus Villa,Revenue Share,false,Aurus Villa,Igatpuri,Maharashtra,,412,15.00,,"292482000003389003",3BHK,3.00,Gold,18-Aug-2026 18:49:09,20-Aug-2025 12:40:53
Bellwood Villa,true,Bellwood Villa,Revenue Share,false,,Panchgani,Maharashtra,,411,20.00,9580,"292482000003068181",5BHK,5.00,Gold,18-Aug-2026 18:49:36,20-Aug-2025 12:40:36
Kihim 6BHK,false,Kihim 6BHK,Lease,false,,Alibaug,Maharashtra,,405,,,"292482000002854645",6BHK,6.00,Original,19-Aug-2026 04:59:56,05-Aug-2025 15:52:45
StarMount  Villa,true,StarMount  Villa,Revenue Share,false,StarMount  Villa,Panchgani,Maharashtra,,409,16.00,,"292482000002754985",5BHK,4.00,Gold,18-Aug-2026 18:49:36,20-Aug-2025 12:40:36
7 Palms,true,7 Palms,Lease,false,7 Palms,Alibaug,Maharashtra,,406,40.00,"8517,9581","292482000002606037",7BHK,7.00,Luxury,19-Aug-2026 04:59:56,05-Aug-2025 15:52:45
The Clay House,true,The Clay House,Lease,false,The Clay House,Alibaug,Maharashtra,,404,16.00,8515,"292482000002585493",4BHK,4.00,Gold,19-Aug-2026 04:59:56,05-Aug-2025 15:52:45
Assa Villa- Assagaon,true,Assa Villa- Assagaon,Lease,false,Assa Villa- Assagaon,Goa,Goa,,407,15.00,9236,"292482000002561947",5BHK,5.00,Gold,18-Aug-2026 18:43:44,20-Aug-2025 12:48:52
 House of Eight,true, House of Eight,Lease,false, House of Eight,Goa,Goa,,408,20.00,9672,"292482000002561941",8BHK,8.00,Gold,18-Aug-2026 18:43:44,20-Aug-2025 12:48:52
Terra Cotta Villa,true,Terra Cotta Villa,Revenue Share,false,Terra Cotta Villa,Panchgani,Maharashtra,,403,16.00,,"292482000002363003",4BHK,4.00,Gold,18-Aug-2026 18:49:36,20-Aug-2025 12:40:36
Kara Villa,true,Kara Villa,Revenue Share,false,Kara Villa,Karjat,Maharashtra,,402,10.00,8548,"292482000002316037",2BHK,2.00,Gold,18-Aug-2026 18:48:42,20-Aug-2025 12:41:10
AshBee Villa,true,AshBee Villa,Lease,false,AshBee Villa,Alibaug,Maharashtra,,401,25.00,"9583,8516","292482000002259155",6BHK,6.00,Gold,19-Aug-2026 04:59:56,05-Aug-2025 15:52:45
Twilight Villa,false,Twilight Villa,Revenue Share,false,Twilight Villa,Igatpuri,Maharashtra,,400,14.00,,"292482000002113261",3BHK,3.00,Gold,18-Aug-2026 18:49:09,20-Aug-2025 12:40:53
 Fern Wood Villa,true, Fern Wood Villa,Revenue Share,false, Fern Wood Villa,Virar,Maharashtra,,399,16.00,,"292482000001864025",3BHK,5.00,Original,18-Aug-2026 18:42:46,23-Oct-2025 13:22:57
 Tropical Beach Apartment (18-19 Unit),false, Tropical Beach Apartment (18-19 Unit),Lease,false,,Mumbai,Maharashtra,,169,8.00,,"292482000001312848",2BHK,2.00,Original,18-Aug-2026 18:46:32,20-Aug-2025 12:42:14
Nature,false,Nature,Lease,false,,Lonavala,Maharashtra,,338,12.00,,"292482000000689283",2BHK,2.00,Original,18-Aug-2026 18:50:06,05-Aug-2025 15:53:00
Nature,false,Nature,Lease,false,,Lonavala,Maharashtra,,339,16.00,,"292482000000677641",3BHK,3.00,Original,18-Aug-2026 18:50:06,05-Aug-2025 15:53:00
Nature,false,Nature,Lease,false,,Lonavala,Maharashtra,,340,25.00,,"292482000000518685",5BHK,5.00,Original,18-Aug-2026 18:50:06,05-Aug-2025 15:53:00
Woodpecker Villa,false,Woodpecker Villa,Lease,false,,Igatpuri,Maharashtra,,248,16.00,1040,"292482000000484003",3BHK,3.00,Original,18-Aug-2026 18:49:09,20-Aug-2025 12:40:53
Aqua Beach Villa- Candolim Beach,false,Aqua Beach Villa- Candolim Beach,Lease,false,,Goa,Goa,,125,14.00,564,"292482000000483009",4BHK,4.00,Gold,18-Aug-2026 18:43:44,20-Aug-2025 12:48:52
Hazel Villa,false,Hazel Villa,Revenue Share,false,Hazel Villa,Lonavala,Maharashtra,,300,16.00,,"292482000000483003",4BHK,4.00,Original,18-Aug-2026 18:50:06,05-Aug-2025 15:53:00
Tranquil Villa,false,Tranquil Villa,Lease,false,,Lonavala,Maharashtra,,27,16.00,"978,1010","292482000000481015",4BHK,5.00,Luxury,18-Aug-2026 18:50:06,05-Aug-2025 15:53:00
Utan Central,false,Utan Central,,false,,Mumbai,Maharashtra,Central Office,,,,"292482000000479207",,,,18-Aug-2026 18:46:32,20-Aug-2025 12:42:14
Morning Dew Villa,false,Morning Dew Villa,Revenue Share,false,,Kodaikanal,Tamil Nadu,,375,10.00,,"292482000000479193",3BHK,4.00,Gold,18-Aug-2026 18:43:17,20-Aug-2025 12:49:05
Oslo Villa,false,Oslo Villa,Lease,false,,Wada,Maharashtra,,207,12.00,"671,955,1046","292482000000479021",2BHK,2.00,Gold,18-Aug-2026 18:46:56,20-Aug-2025 12:41:54
Pebble Villa,false,Pebble Villa,Revenue Share,false,,Igatpuri,Maharashtra,,236,12.00,1042,"292482000000478013",3BHK,3.00,Original,18-Aug-2026 18:49:09,20-Aug-2025 12:40:53
Coconut Grove Villa- Parra,false,Coconut Grove Villa- Parra,Lease,false,,Goa,Goa,,156,10.00,558,"292482000000474017",3BHK,3.00,Gold,18-Aug-2026 18:43:44,20-Aug-2025 12:48:52
Jade Villa- Pilerne,false,Jade Villa- Pilerne,Lease,false,,Goa,Goa,,231,14.00,557,"292482000000451333",4BHK,4.00,Luxury,18-Aug-2026 18:43:44,20-Aug-2025 12:48:52
Escobar Villa 3BHK,false,Escobar Villa 8 BHK,Revenue Share,false,,Pune,Maharashtra,,99,14.00,,"292482000000451311",3BHK,3.00,Gold,18-Aug-2026 18:47:58,20-Aug-2025 12:41:21
Copacabana Villa- Calangute,true,Copacabana Villa- Calangute,Revenue Share,false,"Copacabana Villa Calangute,Copacabana Villa- Calangute",Goa,Goa,,307,6.00,569,"292482000000436941",2BHK,2.00,Gold,18-Aug-2026 18:43:44,20-Aug-2025 12:48:52
Escobar Villa 8 BHK,false,Escobar Villa 8 BHK,Revenue Share,false,"Escobar Villa 8 BHK,Escobar Villa 3BHK",Pune,Maharashtra,,398,25.00,8398,"292482000000435257",8BHK,8.00,Gold,18-Aug-2026 18:47:58,20-Aug-2025 12:41:21
Head Office Central,false,Head Office Central,,false,,Head Office Central,Maharashtra,Central Office,,,1037,"292482000000406245",,,,05-Apr-2026 20:37:43,22-Aug-2025 19:05:24
Panchgani Central,false,Panchgani Central,,false,,Panchgani,Maharashtra,Central Office,,,"1069,4849,1035,951","292482000000406237",,,,18-Aug-2026 18:49:36,20-Aug-2025 12:40:36
Karjat Central,false,Karjat Central,,false,,Karjat,Maharashtra,Central Office,,,"1068,4848,1032","292482000000406233",,,,18-Aug-2026 18:48:42,20-Aug-2025 12:41:10
Igatpuri Central,false,Igatpuri Central,,false,,Igatpuri,Maharashtra,Central Office,,,"1048,1067,1031","292482000000406229",,,,18-Aug-2026 18:49:09,20-Aug-2025 12:40:53
Ooty Central,false,Ooty Central,,false,,Ooty And Coonoor,Tamil Nadu,Central Office,,,"8180,1036","292482000000406225",,,,18-Aug-2026 18:45:58,20-Aug-2025 12:42:57
Lonavla Central,false,Lonavla Central,,false,,Lonavala,Maharashtra,Central Office,,,"4847,1065,1033,961,962,8400,960","292482000000406221",,,,18-Aug-2026 18:50:06,05-Aug-2025 15:53:00
Alibaug Central,false,Alibaug Central,,false,,Alibaug,Maharashtra,Central Office,,,"6508,1066,1030,963,956,957","292482000000406217",,,,19-Aug-2026 04:59:56,05-Aug-2025 15:52:45
Goa Central,false,Goa Central,,false,Goa Central,Goa,Goa,Central Office,,,"618,1034,","292482000000406213",,,,18-Aug-2026 18:43:44,20-Aug-2025 12:48:52
Ark Stone Villa,true,Ark Stone Villa,Revenue Share,false,Ark Stone Villa,Alibaug,Maharashtra,Central Office,397,15.00,7737,"292482000000368709",5BHK,5.00,Gold,19-Aug-2026 04:59:56,05-Aug-2025 15:52:45
Skyfall Elysium Villa,true,Skyfall Elysium Villa,Lease,false,Skyfall Elysium Villa,Ooty And Coonoor,Tamil Nadu,Central Office,396,14.00,8177,"292482000000368705",3BHK,2.00,Gold,18-Aug-2026 18:45:58,20-Aug-2025 12:42:57
Skyfall Mist Villa,true,Skyfall Mist Villa,Lease,false,Skyfall Mist Villa,Ooty And Coonoor,Tamil Nadu,Central Office,395,14.00,8179,"292482000000368701",3BHK,3.00,Gold,18-Aug-2026 18:45:58,20-Aug-2025 12:42:57
Skyfall Cloud 9 Villa,true,Skyfall Cloud 9 Villa,Lease,false,Skyfall Cloud 9 Villa,Ooty And Coonoor,Tamil Nadu,Central Office,394,14.00,8178,"292482000000368697",3BHK,3.00,Gold,18-Aug-2026 18:45:58,20-Aug-2025 12:42:57
Dutch Cottage,true,Dutch Cottage,Lease,false,Dutch Cottage,Ooty And Coonoor,Tamil Nadu,Central Office,393,14.00,8175,"292482000000368693",4BHK,4.00,Gold,18-Aug-2026 18:45:58,20-Aug-2025 12:42:57
Garden Grove Villa,true,Garden Grove Villa,Lease,false,Garden Grove Villa,Ooty And Coonoor,Tamil Nadu,Central Office,392,16.00,8172,"292482000000368689",4BHK,4.00,Gold,18-Aug-2026 18:45:58,20-Aug-2025 12:42:57
Casa Del Sol,true,Casa Del Sol,Lease,false,Casa Del Sol,Ooty And Coonoor,Tamil Nadu,Central Office,391,16.00,8174,"292482000000368685",4.5BHK,4.00,Gold,18-Aug-2026 18:45:58,20-Aug-2025 12:42:57
Skyfall Dew Drops,true,Skyfall Dew Drops,Lease,false,Skyfall Dew Drops,Ooty And Coonoor,Tamil Nadu,Central Office,390,14.00,8176,"292482000000368681",3BHK,3.00,Gold,18-Aug-2026 18:45:58,20-Aug-2025 12:42:57
Villa Eve,true,Villa Eve,Lease,false,Villa Eve,Ooty And Coonoor,Tamil Nadu,Central Office,389,10.00,8173,"292482000000368677",3BHK,3.00,Gold,18-Aug-2026 18:45:58,20-Aug-2025 12:42:57
Santo Maria Villa,true,Santo Maria Villa,Lease,false,Santo Maria Villa,Lonavala,Maharashtra,Central Office,388,15.00,"8184,8275,8399,1019","292482000000368673",4BHK,4.00,Gold,18-Aug-2026 18:50:06,05-Aug-2025 15:53:00
Velvet Goose Villa- Calangute,true,Velvet Goose Villa- Calangute,Lease,false,Velvet Goose Villa- Calangute,Goa,Goa,Central Office,387,20.00,8186,"292482000000368669",6.5BHK,6.00,Luxury,18-Aug-2026 18:43:44,20-Aug-2025 12:48:52
Ivory Goose Villa- Calangute,true,Ivory Goose Villa- Calangute,Lease,false,Ivory Goose Villa- Calangute,Goa,Goa,Central Office,386,20.00,8185,"292482000000368665",6.5BHK,6.00,Luxury,18-Aug-2026 18:43:44,20-Aug-2025 12:48:52
Peach Grove Villa- Arpora,true,Peach Grove Villa- Arpora,Lease,false,Peach Grove Villa- Arpora,Goa,Goa,Central Office,385,14.00,8187,"292482000000368661",4.5BHK,5.00,Luxury,18-Aug-2026 18:43:44,20-Aug-2025 12:48:52
Cherry Blossom,true,Cherry Blossom,Lease,false,Cherry Blossom,Alibaug,Maharashtra,Central Office,384,40.00,"7738,7366,7364","292482000000368657",7BHK,7.00,Gold,19-Aug-2026 04:59:56,05-Aug-2025 15:52:45
Secret Garden Villa,false,Secret Garden Villa,Revenue Share,false,Secret Garden Villa,Karjat,Maharashtra,Central Office,383,10.00,"7338,7355","292482000000368653",3BHK,3.00,Luxury,18-Aug-2026 18:48:42,20-Aug-2025 12:41:10
Casa Beleza- Nerul,true,Casa Beleza- Nerul,Lease,false,Casa Beleza- Nerul,Goa,Goa,Central Office,382,14.00,7332,"292482000000368649",4BHK,4.00,Gold,18-Aug-2026 18:43:44,20-Aug-2025 12:48:52
Whispering Clouds @ 1 Room,false,Whispering Clouds @ 1 Room,Lease,false,Whispering Clouds @ 1 Room,Kodaikanal,Tamil Nadu,Central Office,381,3.00,,"292482000000368645",1BHK,1.00,Original,18-Aug-2026 18:43:17,20-Aug-2025 12:49:05
Casa Noah,true,Casa Noah,Revenue Share,false,Casa Noah,Lonavala,Maharashtra,Central Office,380,40.00,,"292482000000368641",8BHK,8.00,Luxury,18-Aug-2026 18:50:06,05-Aug-2025 15:53:00
White Lotus Villa,true,White Lotus Villa,Revenue Share,false,White Lotus Villa,Karjat,Maharashtra,Central Office,379,18.00,"7361,7365,7367","292482000000368637",4BHK,4.00,Gold,18-Aug-2026 18:48:42,20-Aug-2025 12:41:10
Amber Villa,true,Amber Villa,Lease,false,Amber Villa,Kodaikanal,Tamil Nadu,Central Office,378,15.00,8169,"292482000000368633",4BHK,5.00,Luxury,18-Aug-2026 18:43:17,20-Aug-2025 12:49:05
Whispering Clouds,false,Whispering Clouds,Revenue Share,false,Whispering Clouds,Kodaikanal,Tamil Nadu,Central Office,377,16.00,,"292482000000368629",4BHK,4.00,Gold,18-Aug-2026 18:43:17,20-Aug-2025 12:49:05
Black Mirror Villa,true,Black Mirror Villa,Lease,false,Black Mirror Villa,Igatpuri,Maharashtra,Central Office,376,24.00,"6606,6429","292482000000368625",6BHK,6.00,Luxury,18-Aug-2026 18:49:09,20-Aug-2025 12:40:53
Saturn Villa,true,Saturn Villa,Lease,true,"Venus Villa,Mercury Villa",Alibaug,Maharashtra,Central Office,374,36.00,6940,"292482000000368621",8BHK,10.00,Gold,19-Aug-2026 04:59:56,05-Aug-2025 15:52:45
Mercury Villa,true,Saturn Villa,Lease,false,,Alibaug,Maharashtra,Central Office,373,18.00,"6522,6939","292482000000368617",4BHK,5.00,Gold,19-Aug-2026 04:59:56,05-Aug-2025 15:52:45
Venus Villa,true,Saturn Villa,Lease,false,,Alibaug,Maharashtra,Central Office,372,20.00,"6938,6523","292482000000368613",4BHK,5.00,Gold,19-Aug-2026 04:59:56,05-Aug-2025 15:52:45
Hazelnut Villa,true,Hazelnut Villa,Lease,false,Hazelnut Villa,Alibaug,Maharashtra,Central Office,371,16.00,"6937,6520","292482000000368609",6BHK,6.00,Gold,19-Aug-2026 04:59:56,05-Aug-2025 15:52:45
Golden Oasis Villa,true,Golden Oasis Villa,Lease,false,Golden Oasis Villa,Alibaug,Maharashtra,Central Office,369,30.00,"6521,5791","292482000000368605",8BHK,9.00,Gold,19-Aug-2026 04:59:56,05-Aug-2025 15:52:45
Harmony Heights,true,Harmony Heights,Lease,false,Harmony Heights,Alibaug,Maharashtra,Central Office,368,20.00,"5792,7129","292482000000368601",6BHK,6.00,Luxury,19-Aug-2026 04:59:56,05-Aug-2025 15:52:45
Grey Goose Villa- Calangute,true,Grey Goose Villa- Calangute,Lease,false,Grey Goose Villa- Calangute,Goa,Goa,Central Office,367,20.00,5790,"292482000000368597",6.5BHK,6.00,Luxury,18-Aug-2026 18:43:44,20-Aug-2025 12:48:52
Shelby Villa,true,Shelby Villa,Lease,false,Shelby Villa,Panchgani,Maharashtra,Central Office,366,20.00,"5793,6607","292482000000368593",6.5BHK,6.00,Gold,18-Aug-2026 18:49:36,20-Aug-2025 12:40:36
 Ezra Villa- Anjuna,true, Ezra Villa- Anjuna,Lease,false, Ezra Villa- Anjuna,Goa,Goa,Central Office,364,16.00,5753,"292482000000368589",5BHK,5.00,Luxury,18-Aug-2026 18:43:44,20-Aug-2025 12:48:52
Azure Villa,true,Azure Villa,Lease,false,Azure Villa,Lonavala,Maharashtra,Central Office,363,20.00,"5743,5786","292482000000368585",5BHK,6.00,Luxury,18-Aug-2026 18:50:06,05-Aug-2025 15:53:00
Casa Den,true,Casa Den,Lease,false,Casa Den,Igatpuri,Maharashtra,Central Office,362,14.00,"7354,7324,7336","292482000000368581",3BHK,3.00,Gold,18-Aug-2026 18:49:09,20-Aug-2025 12:40:53
Noir Villa,true,Noir Villa,Lease,false,Noir Villa,Alibaug,Maharashtra,Central Office,361,30.00,"5452,6512,6514,5748","292482000000368577",7.5BHK,7.00,Gold,19-Aug-2026 04:59:56,05-Aug-2025 15:52:45
Alpine Villa,true,Alpine Villa,Lease,false,Alpine Villa,Alibaug,Maharashtra,Central Office,360,20.00,"5787,6513","292482000000368573",6BHK,6.00,Gold,19-Aug-2026 04:59:56,05-Aug-2025 15:52:45
Eternal Wave,true,Eternal Wave,Lease,false,Eternal Wave,Lonavala,Maharashtra,Central Office,357,18.00,"5744,5785","292482000000368569",5BHK,6.00,Gold,18-Aug-2026 18:50:06,05-Aug-2025 15:53:00
Ivana Villa,true,Ivana Villa,Revenue Share,false,Ivana Villa,Lonavala,Maharashtra,Central Office,356,22.00,"5784,5797","292482000000368565",6BHK,6.00,Gold,18-Aug-2026 18:50:06,05-Aug-2025 15:53:00
Serenity Villa,true,Serenity Villa,Lease,false,Serenity Villa,Alibaug,Maharashtra,Central Office,355,18.00,"6511,5451","292482000000368561",4BHK,4.00,Gold,19-Aug-2026 04:59:56,05-Aug-2025 15:52:45
Driftwood Villa,true,Driftwood Villa,Lease,false,Driftwood Villa,Alibaug,Maharashtra,Central Office,354,18.00,"5450,6510","292482000000368557",4BHK,4.00,Original,19-Aug-2026 04:59:56,05-Aug-2025 15:52:45
Infinity Villa,true,Infinity Villa,Lease,false,Infinity Villa,Lonavala,Maharashtra,Central Office,353,18.00,"5014,5219","292482000000368553",4BHK,5.00,Gold,18-Aug-2026 18:50:06,05-Aug-2025 15:53:00
Amanta Villa 21BHK,true,Amanta Villa 21BHK,Lease,true,"Amanta Hills 7BHK,Amanta Green 8BHK,Amanta Palms 6BHK,EKOSTAY -Amanta Villa 15BHK",Karjat,Maharashtra,Central Office,352,95.00,"5237,10687,","292482000000368549",21BHK,25.00,Original,18-Aug-2026 18:48:42,20-Aug-2025 12:41:10
EKOSTAY -Amanta Villa 15BHK,true,Amanta Villa 21BHK,Lease,false,,Karjat,Maharashtra,Central Office,351,60.00,"5237,","292482000000368545",15BHK,19.00,Original,18-Aug-2026 18:48:42,20-Aug-2025 12:41:10
Amanta Palms 6BHK,true,Amanta Villa 21BHK,Lease,false,,Karjat,Maharashtra,Central Office,350,25.00,"1058,10682,","292482000000368541",6BHK,6.00,Original,18-Aug-2026 18:48:42,20-Aug-2025 12:41:10
Amanta Green 8BHK,true,Amanta Villa 21BHK,Lease,false,,Karjat,Maharashtra,Central Office,349,30.00,"5400,10684,","292482000000368537",8BHK,10.00,Original,18-Aug-2026 18:48:42,20-Aug-2025 12:41:10
Amanta Hills 7BHK,true,Amanta Villa 21BHK,Lease,false,,Karjat,Maharashtra,Central Office,348,30.00,"5399,10683,","292482000000368533",7BHK,9.00,Original,18-Aug-2026 18:48:42,20-Aug-2025 12:41:10
Ikigai Villa,true,Ikigai Villa,Revenue Share,false,,Mussoorie,Uttarakand,Central Office,347,9.00,,"292482000000368529",3BHK,5.00,Gold,23-Jun-2026 15:18:05,20-Aug-2025 12:48:08
Oakwood Chalet,true,Oakwood Chalet,Lease,false,Oakwood Chalet,Alibaug,Maharashtra,Central Office,346,12.00,"5091,6509","292482000000368525",4BHK,4.00,Gold,19-Aug-2026 04:59:56,05-Aug-2025 15:52:45
White Swan Villa,true,White Swan Villa,Lease,false,White Swan Villa,Panchgani,Maharashtra,Central Office,344,35.00,"1060,5013","292482000000368521",7BHK,7.00,Gold,18-Aug-2026 18:49:36,20-Aug-2025 12:40:36
Casa Coconut,false,Casa Coconut,Revenue Share,false,Casa Coconut,Alibaug,Maharashtra,Central Office,343,13.00,,"292482000000368517",3BHK,3.00,Original,19-Aug-2026 04:59:56,05-Aug-2025 15:52:45
Belvedere Apartment,true,Belvedere Apartment,Lease,false,Belvedere Apartment,Goa,Goa,Central Office,342,4.00,964,"292482000000368513",2BHK,2.00,Original,18-Aug-2026 18:43:44,20-Aug-2025 12:48:52
Casa Enzo Villa,true,Casa Enzo Villa,Lease,false,Casa Enzo Villa,Lonavala,Maharashtra,Central Office,341,30.00,"4850,958","292482000000368509",7BHK,8.00,Luxury,18-Aug-2026 18:50:06,05-Aug-2025 15:53:00
Gravity Villa,true,Gravity Villa,Lease,false,Gravity Villa,Lonavala,Maharashtra,Central Office,337,30.00,"959,1024","292482000000368505",6BHK,6.00,Gold,18-Aug-2026 18:50:06,05-Aug-2025 15:53:00
Cosy Cove Villa,true,Cosy Cove Villa,Lease,false,Cosy Cove Villa,Lonavala,Maharashtra,Central Office,336,18.00,"965,1025","292482000000368501",4.5BHK,4.00,Gold,18-Aug-2026 18:50:06,05-Aug-2025 15:53:00
La Flamingo,true,La Flamingo,Revenue Share,false,La Flamingo,Lonavala,Maharashtra,Central Office,334,20.00,1012,"292482000000368497",8BHK,7.00,Luxury,18-Aug-2026 18:50:06,05-Aug-2025 15:53:00
Casa Amado,true,Casa Amado,Lease,false,Casa Amado,Alibaug,Maharashtra,Central Office,330,25.00,"6492,5217","292482000000368493",4BHK,5.00,Gold,19-Aug-2026 04:59:56,05-Aug-2025 15:52:45
Blue Tiffany Villa- Nerul,false,Blue Tiffany Villa- Nerul,Revenue Share,false,Blue Tiffany Villa- Nerul,Goa,Goa,Central Office,329,16.00,"621, 5794","292482000000368489",4BHK,5.00,Luxury,18-Aug-2026 18:43:44,20-Aug-2025 12:48:52
White Oak Villa,true,White Oak Villa,Lease,false,White Oak Villa,Alibaug,Maharashtra,Central Office,328,30.00,"936,6499","292482000000368485",9BHK,9.00,Original,19-Aug-2026 04:59:56,05-Aug-2025 15:52:45
Casa Vayu,true,Casa Vayu,Lease,false,Casa Vayu,Lonavala,Maharashtra,Central Office,327,18.00,"924,1023","292482000000368481",3BHK,3.00,Gold,18-Aug-2026 18:50:06,05-Aug-2025 15:53:00
 Utopian Villa- Pilerene,false, Utopian Villa- Pilerene,Lease,false, Utopian Villa- Pilerene,Goa,Goa,Central Office,322,10.00,620,"292482000000368477",3BHK,3.00,Original,18-Aug-2026 18:43:44,20-Aug-2025 12:48:52
Avante Villa- Calangute,true,Avante Villa- Calangute,Lease,false,Avante Villa- Calangute,Goa,Goa,Central Office,314,16.00,619,"292482000000368473",4BHK,4.00,Luxury,18-Aug-2026 18:43:44,20-Aug-2025 12:48:52
Costa Brava Villa,false,Costa Brava Villa,Revenue Share,false,Costa Brava Villa,Lonavala,Maharashtra,Central Office,313,40.00,1028,"292482000000368469",7BHK,7.00,Luxury,18-Aug-2026 18:50:06,05-Aug-2025 15:53:00
La Casa Grande,false,La Casa Grande,Revenue Share,false,La Casa Grande,Lonavala,Maharashtra,Central Office,312,25.00,"1002,1013","292482000000368465",5BHK,6.00,Luxury,18-Aug-2026 18:50:06,05-Aug-2025 15:53:00
Highland Villa 6BHK,true,Highland Villa 7BHK,Lease,false,,Panchgani,Maharashtra,Central Office,311,18.00,,"292482000000368461",6BHK,6.00,Luxury,18-Aug-2026 18:49:36,20-Aug-2025 12:40:36
Moonlight Villa,true,Moonlight Villa,Revenue Share,false,Moonlight Villa,Kodaikanal,Tamil Nadu,Central Office,309,12.00,8168,"292482000000368457",4BHK,4.00,Gold,18-Aug-2026 18:43:17,20-Aug-2025 12:49:05
Copacabana Villa Calangute,false,Copacabana Villa- Calangute,Revenue Share,false,Copacabana Villa Calangute,Goa,Goa,Central Office,,6.00,,"292482000000368453",2BHK,2.00,Gold,18-Aug-2026 18:43:44,20-Aug-2025 12:48:52
Fairmonte Villa,false,Fairmonte Villa,Lease,false,Fairmonte Villa,Panchgani,Maharashtra,Central Office,305,20.00,,"292482000000368449",5BHK,5.00,Original,18-Aug-2026 18:49:36,20-Aug-2025 12:40:36
Woodstock Villa 6BHK,true,Woodstock Villa 8BHK,Lease,false,,Karjat,Maharashtra,Central Office,304,20.00,,"292482000000368445",6BHK,6.00,Luxury,18-Aug-2026 18:48:42,20-Aug-2025 12:41:10
Jungle Beach 8 BHK,true,Jungle Beach 12 BHK,Lease,false,,Alibaug,Maharashtra,Central Office,303,25.00,,"292482000000368441",8BHK,8.00,Gold,19-Aug-2026 04:59:56,05-Aug-2025 15:52:45
Jungle Beach 12 BHK,true,Jungle Beach 12 BHK,Lease,true,Jungle Beach 8 BHK,Alibaug,Maharashtra,Central Office,302,40.00,"932,6501,648,806","292482000000368437",12BHK,12.00,Gold,19-Aug-2026 04:59:56,05-Aug-2025 15:52:45
Casa De Reva,true,Casa De Reva,Lease,false,Casa De Reva,Lonavala,Maharashtra,Central Office,301,20.00,"923,1001","292482000000368433",5BHK,5.00,Gold,18-Aug-2026 18:50:06,05-Aug-2025 15:53:00
Sea Shore Villa 12BHK,true,Sea Shore Villa 12BHK,Lease,false,"Sea Shore Villa 8 BHK,Sea Shore Villa 12BHK",Alibaug,Maharashtra,Central Office,299,40.00,"933,6500,649,805","292482000000368429",12BHK,12.00,Gold,19-Aug-2026 04:59:56,05-Aug-2025 15:52:45
Sea Shore Villa 8 BHK,true,Sea Shore Villa 12BHK,Lease,false,,Alibaug,Maharashtra,Central Office,298,25.00,,"292482000000368425",8BHK,8.00,Gold,19-Aug-2026 04:59:56,05-Aug-2025 15:52:45
Woodstock Villa 8BHK,true,Woodstock Villa 8BHK,Lease,true,Woodstock Villa 6BHK,Karjat,Maharashtra,Central Office,296,40.00,"949,1056,665","292482000000368421",8BHK,8.00,Luxury,18-Aug-2026 18:48:42,20-Aug-2025 12:41:10
Amore Apartment- Siolim,false,Amore Apartment- Siolim,Revenue Share,false,,Goa,Goa,Central Office,295,4.00,567,"292482000000368417",2BHK,2.00,Original,18-Aug-2026 18:43:44,20-Aug-2025 12:48:52
Casa Marina 4BHK- Nerul,false,Casa Marina 6BHK- Nerul,Lease,false,,Goa,Goa,Central Office,294,8.00,,"292482000000368413",4BHK,4.00,Gold,18-Aug-2026 18:43:44,20-Aug-2025 12:48:52
Casa Marina 2BHK- Nerul,false,Casa Marina 6BHK- Nerul,Lease,false,,Goa,Goa,Central Office,293,4.00,,"292482000000368409",2BHK,2.00,Gold,18-Aug-2026 18:43:44,20-Aug-2025 12:48:52
Casa Marina 6BHK- Nerul,false,Casa Marina 6BHK- Nerul,Lease,true,"Casa Marina 2BHK- Nerul,Casa Marina 4BHK- Nerul",Goa,Goa,Central Office,292,12.00,559,"292482000000368405",6BHK,6.00,Gold,18-Aug-2026 18:43:44,20-Aug-2025 12:48:52
Casa Pino- Pilerne,false,Casa Pino- Pilerne,Lease,false,Casa Pino- Pilerne,Goa,Goa,Central Office,291,20.00,532,"292482000000368401",5BHK,5.00,Gold,18-Aug-2026 18:43:44,20-Aug-2025 12:48:52
Hercules Villa,true,Hercules Villa,Revenue Share,false,Hercules Villa,Igatpuri,Maharashtra,Central Office,290,25.00,"1047,953","292482000000368397",5.5BHK,6.00,Luxury,18-Aug-2026 18:49:09,20-Aug-2025 12:40:53
Amani Villa,true,Amani Villa,Lease,false,Amani Villa,Karjat,Maharashtra,Central Office,289,18.00,"1049,948","292482000000368393",4BHK,5.00,Gold,18-Aug-2026 18:48:42,20-Aug-2025 12:41:10
EKOSTAY-  Caribbean Villa #06 BHK,true,EKOSTAY-  Caribbean Villa #06 BHK,Revenue Share,false,"EKOSTAY-  Caribbean Villa #02 BHK,Caribbean Villa #04 BHK,EKOSTAY-  Caribbean Villa #06 BHK",Panvel,Maharashtra,Central Office,288,27.00,1050,"292482000000368389",6BHK,6.00,Gold,18-Aug-2026 18:44:44,20-Aug-2025 12:48:38
Caribbean Villa #04 BHK,true,EKOSTAY-  Caribbean Villa #06 BHK,Revenue Share,false,,Panvel,Maharashtra,Central Office,287,16.00,,"292482000000368385",4BHK,4.00,Original,18-Aug-2026 18:44:44,20-Aug-2025 12:48:38
Palm Estate,true,Palm Estate,Lease,false,Palm Estate,Karjat,Maharashtra,Central Office,286,25.00,"947,1054","292482000000368381",5.5BHK,6.00,Gold,18-Aug-2026 18:48:42,20-Aug-2025 12:41:10
Serene Villa,true,Serene Villa,Lease,false,Serene Villa,Alibaug,Maharashtra,Central Office,284,20.00,"944,6494","292482000000368377",5BHK,4.00,Original,19-Aug-2026 04:59:56,05-Aug-2025 15:52:45
EKOSTAY- Oceanic Villa,true,EKOSTAY- Oceanic Villa,Lease,false,EKOSTAY- Oceanic Villa,Alibaug,Maharashtra,Central Office,283,21.00,"946,6493","292482000000368373",5BHK,4.00,Gold,19-Aug-2026 04:59:56,05-Aug-2025 15:52:45
Cliffside Villa,true,Cliffside Villa,Revenue Share,false,Cliffside Villa,Lonavala,Maharashtra,Central Office,281,15.00,"918,1021","292482000000368369",4BHK,4.00,Gold,18-Aug-2026 18:50:06,05-Aug-2025 15:53:00
CASA SIA,true,CASA SIA,Lease,false,CASA SIA,Lonavala,Maharashtra,Central Office,280,35.00,"913,1000","292482000000368365",7BHK,8.00,Luxury,18-Aug-2026 18:50:06,05-Aug-2025 15:53:00
Casa Roma,true,Casa Roma,Lease,false,Casa Roma,Alibaug,Maharashtra,Central Office,279,15.00,"929,6504","292482000000368361",5.5BHK,5.00,Original,19-Aug-2026 04:59:56,05-Aug-2025 15:52:45
Pearl House,true,Pearl House,Lease,false,Pearl House,Ooty And Coonoor,Tamil Nadu,Central Office,278,14.00,8171,"292482000000368357",4BHK,4.00,Luxury,18-Aug-2026 18:45:58,20-Aug-2025 12:42:57
Bliss Apartment - Candolim,false,Bliss Apartment - Candolim,Lease,false,,Goa,Goa,Central Office,272,6.00,528,"292482000000368353",2BHK,2.00,Original,18-Aug-2026 18:43:44,20-Aug-2025 12:48:52
Ivory Coast Villa,true,Ivory Coast Villa,Lease,false,Ivory Coast Villa,Alibaug,Maharashtra,Central Office,271,16.00,"928,6485,644,790","292482000000368349",4BHK,4.00,Gold,19-Aug-2026 04:59:56,05-Aug-2025 15:52:45
Blue Door Villa,true,Blue Door Villa,Lease,false,Blue Door Villa,Alibaug,Maharashtra,Central Office,270,15.00,6489,"292482000000368345",3BHK,3.00,Original,19-Aug-2026 04:59:56,05-Aug-2025 15:52:45
Amara Villa,true,Amara Villa,Lease,false,Amara Villa,Alibaug,Maharashtra,Central Office,258,35.00,"935,6503","292482000000368341",9BHK,9.00,Original,19-Aug-2026 04:59:56,05-Aug-2025 15:52:45
Bloomfield Villa,true,Bloomfield Villa,Lease,false,Bloomfield Villa,Alibaug,Maharashtra,Central Office,257,15.00,"939,6497","292482000000368337",4BHK,3.00,Original,19-Aug-2026 04:59:56,05-Aug-2025 15:52:45
Highland Villa 7BHK,true,Highland Villa 7BHK,Lease,true,Highland Villa 6BHK,Panchgani,Maharashtra,Central Office,256,40.00,"951,1059,667","292482000000368333",7BHK,7.00,Luxury,18-Aug-2026 18:49:36,20-Aug-2025 12:40:36
Alpha Villa,true,Alpha Villa,Lease,false,Alpha Villa,Igatpuri,Maharashtra,Central Office,254,10.00,1038,"292482000000368329",3BHK,2.00,Original,18-Aug-2026 18:49:09,20-Aug-2025 12:40:53
Omega Villa,true,Omega Villa,Lease,false,Omega Villa,Igatpuri,Maharashtra,Central Office,253,10.00,1039,"292482000000368325",3BHK,2.00,Original,18-Aug-2026 18:49:09,20-Aug-2025 12:40:53
Aqua Villa,true,Aqua Villa,Lease,false,Aqua Villa,Alibaug,Maharashtra,Central Office,247,15.00,"5795,6488","292482000000368321",3BHK,3.00,Gold,19-Aug-2026 04:59:56,05-Aug-2025 15:52:45
Casa De Aria,true,Casa De Aria,Lease,false,Casa De Aria,Alibaug,Maharashtra,Central Office,245,31.00,"934,6498","292482000000368317",7BHK,7.00,Gold,19-Aug-2026 04:59:56,05-Aug-2025 15:52:45
Winterfell Chalet Villa,false,Winterfell Chalet Villa,Revenue Share,false,Winterfell Chalet Villa,Ooty And Coonoor,Tamil Nadu,Central Office,242,8.00,1064,"292482000000368313",3BHK,3.00,Gold,18-Aug-2026 18:45:58,20-Aug-2025 12:42:57
Iris Villa,true,Iris Villa,Revenue Share,false,Iris Villa,Lonavala,Maharashtra,Central Office,240,20.00,"925,1008","292482000000368309",4BHK,4.00,Gold,18-Aug-2026 18:50:06,05-Aug-2025 15:53:00
Neptune Villa,true,Neptune Villa,Revenue Share,false,Neptune Villa,Igatpuri,Maharashtra,Central Office,238,10.00,1041,"292482000000368305",3BHK,4.00,Gold,18-Aug-2026 18:49:09,20-Aug-2025 12:40:53
Windsor  Villa,true,Windsor  Villa,Revenue Share,false,Windsor  Villa,Panchgani,Maharashtra,Central Office,237,15.00,1061,"292482000000368301",4BHK,4.00,Original,18-Aug-2026 18:49:36,20-Aug-2025 12:40:36
Forestwood Villa,true,Forestwood Villa,Lease,false,Forestwood Villa,Alibaug,Maharashtra,Central Office,233,15.00,"938,6483","292482000000368297",3BHK,3.00,Original,19-Aug-2026 04:59:56,05-Aug-2025 15:52:45
Woodside Ivy Villa,true,Woodside Ivy Villa,Lease,false,Woodside Ivy Villa,Ooty And Coonoor,Tamil Nadu,Central Office,227,14.00,"8170,1062","292482000000368293",3BHK,3.00,Gold,18-Aug-2026 18:45:58,20-Aug-2025 12:42:57
EKOSTAY- Morning Star Villa,false,EKOSTAY- Morning Star Villa,Revenue Share,false,EKOSTAY- Morning Star Villa,Lonavala,Maharashtra,Central Office,225,18.00,1029,"292482000000368289",4BHK,4.00,Original,18-Aug-2026 18:50:06,05-Aug-2025 15:53:00
Hawaiian Villa,true,Hawaiian Villa,Lease,false,Hawaiian Villa,Bangalore,Karnataka,Central Office,224,20.00,,"292482000000368285",6BHK,6.00,Original,23-Jun-2026 15:43:58,20-Aug-2025 12:42:33
EKOSTAY-  Caribbean Villa #02 BHK,true,EKOSTAY-  Caribbean Villa #06 BHK,Revenue Share,false,,Panvel,Maharashtra,Central Office,223,12.00,1051,"292482000000368281",2BHK,2.00,Original,18-Aug-2026 18:44:44,20-Aug-2025 12:48:38
Casablanca Villa,true,Casablanca Villa,Lease,false,Casablanca Villa,Igatpuri,Maharashtra,Central Office,217,21.00,"1043,952","292482000000368277",5BHK,5.00,Luxury,18-Aug-2026 18:49:09,20-Aug-2025 12:40:53
Casa Paradiso,true,Casa Paradiso,Revenue Share,false,Casa Paradiso,Alibaug,Maharashtra,Central Office,212,15.00,"931,6486","292482000000368273",3BHK,3.00,Original,19-Aug-2026 04:59:56,05-Aug-2025 15:52:45
Athens Villa  Nerul,true,Athens Villa  Nerul,Lease,false,,Goa,Goa,Central Office,208,7.00,,"292482000000368269",2BHK,2.00,Original,18-Aug-2026 18:43:44,20-Aug-2025 12:48:52
Kufri Chalet,true,Kufri Chalet,Lease,false,,Kufri,Himachal Pradesh,Central Office,203,4.00,,"292482000000368265",1BHK,1.00,Original,23-Jun-2026 15:37:57,20-Aug-2025 12:48:25
Wolf Villa,true,Wolf Villa,Lease,false,,Kullu and Manali,Himachal Pradesh,Central Office,200,5.00,,"292482000000368261",2BHK,2.00,Original,23-Jun-2026 15:20:51,20-Aug-2025 12:46:18
Bloomsbury Villa,true,Bloomsbury Villa,Lease,false,,Dehradun,Uttarakand,Central Office,197,12.00,,"292482000000368257",4BHK,4.00,Original,23-Jun-2026 15:18:26,20-Aug-2025 12:47:35
Cliff Haven Villa,true,Cliff Haven Villa,Lease,false,,Bhimtal,Uttarakand,Central Office,195,8.00,,"292482000000368253",3BHK,3.00,Original,23-Jun-2026 15:19:49,20-Aug-2025 12:47:20
Birchwood Apartment,true,Birchwood Apartment,Lease,false,,Dalhousie,Himachal Pradesh,Central Office,192,8.00,,"292482000000368249",3BHK,3.00,Original,23-Jun-2026 15:41:00,20-Aug-2025 12:44:23
Gables Apartment,true,Gables Apartment,Lease,false,,Dalhousie,Himachal Pradesh,Central Office,190,7.00,,"292482000000368245",2BHK,2.00,Original,23-Jun-2026 15:41:00,20-Aug-2025 12:44:23
Corner House Villa,true,Corner House Villa,Lease,false,,Kasauli,Himachal Pradesh,Central Office,182,8.00,,"292482000000368241",3BHK,3.00,Original,23-Jun-2026 15:40:34,20-Aug-2025 12:45:04
Osko Apartment,true,Osko Apartment,Lease,false,,Kasauli,Himachal Pradesh,Central Office,181,8.00,,"292482000000368237",3BHK,2.00,Original,23-Jun-2026 15:40:34,20-Aug-2025 12:45:04
Oakland Villa,true,Oakland Villa,Lease,false,,Kasauli,Himachal Pradesh,Central Office,180,12.00,,"292482000000368233",4BHK,4.00,Original,23-Jun-2026 15:40:34,20-Aug-2025 12:45:04
Pineforest Villa,true,Pineforest Villa,Lease,false,,Kasauli,Himachal Pradesh,Central Office,179,6.00,1055,"292482000000368229",3BHK,3.00,Original,23-Jun-2026 15:40:34,20-Aug-2025 12:45:04
Radiance Shine Villa,true,Radiance Shine Villa,Lease,false,,Nainital,Uttarakand,Central Office,176,6.00,,"292482000000368225",3BHK,3.00,Original,23-Jun-2026 15:20:07,20-Aug-2025 12:47:00
Tropicana Villa(Shivay),true,Tropicana Villa(Shivay),Lease,false,Tropicana Villa(Shivay),Lonavala,Maharashtra,Central Office,167,16.00,"910,1005","292482000000368221",4BHK,4.00,Original,18-Aug-2026 18:50:06,05-Aug-2025 15:53:00
Summer Salt,true,Summer Salt,Lease,false,,Jodhpur,Rajasthan,Central Office,165,16.00,,"292482000000368217",4BHK,5.00,Original,23-Jun-2026 15:20:22,20-Aug-2025 12:46:39
Gatsby Villa,false,Gatsby Villa,Revenue Share,false,Gatsby Villa,Lonavala,Maharashtra,Central Office,155,18.00,1014,"292482000000368213",4BHK,4.00,Gold,18-Aug-2026 18:50:06,05-Aug-2025 15:53:00
Olive Crest,false,Olive Crest,Revenue Share,false,Olive Crest,Lonavala,Maharashtra,Central Office,154,18.00,1011,"292482000000368209",4BHK,4.00,Gold,18-Aug-2026 18:50:06,05-Aug-2025 15:53:00
Casa Zul,true,Casa Zul,Lease,false,Casa Zul,Alibaug,Maharashtra,Central Office,150,15.00,"937,6484","292482000000368205",4BHK,3.00,Gold,19-Aug-2026 04:59:56,05-Aug-2025 15:52:45
Stock Villa,true,Stock Villa,Lease,false,,Kullu and Manali,Himachal Pradesh,Central Office,144,13.00,,"292482000000368201",5BHK,5.00,Original,23-Jun-2026 15:20:51,20-Aug-2025 12:46:18
Snowpeak Villa,true,Snowpeak Villa,Lease,false,,Kullu and Manali,Himachal Pradesh,Central Office,142,15.00,,"292482000000368197",5BHK,5.00,Original,23-Jun-2026 15:20:51,20-Aug-2025 12:46:18
Woodlock Apartment - Candolim,true,Woodlock Apartment - Candolim,Lease,false,Woodlock Apartment - Candolim,Goa,Goa,Central Office,138,4.00,561,"292482000000368193",2BHK,2.00,Original,18-Aug-2026 18:43:44,20-Aug-2025 12:48:52
Green Door Apartment - Candolim,false,Green Door Apartment - Candolim,Lease,false,Green Door Apartment - Candolim,Goa,Goa,Central Office,130,6.00,560,"292482000000368189",2BHK,2.00,Original,18-Aug-2026 18:43:44,20-Aug-2025 12:48:52
Solace Villa- Candolim,true,Solace Villa- Candolim,Lease,false,Solace Villa- Candolim,Goa,Goa,Central Office,128,10.00,563,"292482000000368185",3BHK,3.00,Original,18-Aug-2026 18:43:44,20-Aug-2025 12:48:52
Signature Apartment - Candolim,true,Signature Apartment - Candolim,Lease,false,Signature Apartment - Candolim,Goa,Goa,Central Office,127,6.00,562,"292482000000368181",2BHK,2.00,Original,18-Aug-2026 18:43:44,20-Aug-2025 12:48:52
Tumbleweed Villa,false,Tumbleweed Villa,Lease,false,Tumbleweed Villa,Solan,Himachal Pradesh,Central Office,124,12.00,,"292482000000368177",4BHK,4.00,Original,23-Jun-2026 15:21:38,20-Aug-2025 12:44:37
Frost Berry Villa,false,Frost Berry Villa,Lease,false,Frost Berry Villa,Solan,Himachal Pradesh,Central Office,123,8.00,,"292482000000368173",3BHK,3.00,Original,23-Jun-2026 15:21:38,20-Aug-2025 12:44:37
Lakewood Villa,true,Lakewood Villa,Lease,false,,Arpookara,Kerala,Central Office,120,8.00,,"292482000000368169",3BHK,3.00,Original,23-Jun-2026 15:22:02,20-Aug-2025 12:44:00
Rosewood Villa,false,Rosewood Villa,Lease,false,Rosewood Villa,Munnar,Kerala,Central Office,117,25.00,,"292482000000368165",5BHK,5.00,Original,23-Jun-2026 15:22:18,20-Aug-2025 12:43:22
Foothill Villa,true,Foothill Villa,Lease,false,,Bhimtal,Uttarakand,Central Office,107,12.00,,"292482000000368161",4BHK,4.00,Original,23-Jun-2026 15:19:49,20-Aug-2025 12:47:20
Camden Villa,true,Camden Villa,Lease,false,,Nainital,Uttarakand,Central Office,106,10.00,,"292482000000368157",3BHK,3.00,Original,23-Jun-2026 15:20:07,20-Aug-2025 12:47:00
Chestnut Villa,true,Chestnut Villa,Lease,false,Chestnut Villa,Karjat,Maharashtra,Central Office,101,25.00,"1057,950","292482000000368153",5BHK,6.00,Gold,18-Aug-2026 18:48:42,20-Aug-2025 12:41:10
EKOSTAY- Simba Villa,true,EKOSTAY- Simba Villa,Revenue Share,false,EKOSTAY- Simba Villa,Karjat,Maharashtra,Central Office,95,20.00,1053,"292482000000368149",5BHK,5.00,Original,18-Aug-2026 18:48:42,20-Aug-2025 12:41:10
Eclipse Villa,true,Eclipse Villa,Lease,false,Eclipse Villa,Karjat,Maharashtra,Central Office,94,15.00,1052,"292482000000368145",3BHK,3.00,Original,18-Aug-2026 18:48:42,20-Aug-2025 12:41:10
EKOSTAY- Nest Villa,true,EKOSTAY- Nest Villa,Revenue Share,false,EKOSTAY- Nest Villa,Karjat,Maharashtra,Central Office,93,15.00,1055,"292482000000368141",3BHK,4.00,Original,18-Aug-2026 18:48:42,20-Aug-2025 12:41:10
Brickstone Villa,true,Brickstone Villa,Revenue Share,false,Brickstone Villa,Igatpuri,Maharashtra,Central Office,92,15.00,"1044,954","292482000000368137",4BHK,4.00,Gold,18-Aug-2026 18:49:09,20-Aug-2025 12:40:53
Octagon Villa,true,Octagon Villa,Lease,false,Octagon Villa,Lonavala,Maharashtra,Central Office,76,35.00,"914,999","292482000000368133",8BHK,9.00,Gold,18-Aug-2026 18:50:06,05-Aug-2025 15:53:00
Zoh Villa,true,Zoh Villa,Lease,false,,Jodhpur,Rajasthan,Central Office,70,3.00,,"292482000000368129",1BHK,1.00,Original,23-Jun-2026 15:20:22,20-Aug-2025 12:46:39
Suite @ The Almond Tree,false,Suite @ The Almond Tree,Lease,false,,Jodhpur,Rajasthan,Central Office,68,3.00,,"292482000000368125",1BHK,1.00,Gold,23-Jun-2026 15:20:22,20-Aug-2025 12:46:39
Tropicana Villa (Aum),true,Tropicana Villa (Aum),Lease,false,Tropicana Villa (Aum),Lonavala,Maharashtra,Central Office,65,16.00,"908,1003","292482000000368121",4BHK,4.00,Gold,18-Aug-2026 18:50:06,05-Aug-2025 15:53:00
EKOSTAY- Tropicana Villa (Nama),true,EKOSTAY- Tropicana Villa (Nama),Lease,false,EKOSTAY- Tropicana Villa (Nama),Lonavala,Maharashtra,Central Office,63,16.00,"909,6417","292482000000368117",4BHK,4.00,Original,18-Aug-2026 18:50:06,05-Aug-2025 15:53:00
EKOSTAY- Deltin Villa,true,EKOSTAY- Deltin Villa,Lease,false,EKOSTAY- Deltin Villa,Lonavala,Maharashtra,Central Office,62,14.00,"920,1017","292482000000368113",2BHK,2.00,Original,18-Aug-2026 18:50:06,05-Aug-2025 15:53:00
Titanium Villa,true,Titanium Villa,Revenue Share,false,Titanium Villa,Lonavala,Maharashtra,Central Office,58,18.00,1016,"292482000000368109",3BHK,4.00,Gold,18-Aug-2026 18:50:06,05-Aug-2025 15:53:00
Oasis Villa - Saligaon,true,Oasis Villa - Saligaon,Revenue Share,false,Oasis Villa - Saligaon,Goa,Goa,Central Office,46,12.00,565,"292482000000368105",3BHK,4.00,Gold,18-Aug-2026 18:43:44,20-Aug-2025 12:48:52
Saltwater Villa- Nerul,true,Saltwater Villa- Nerul,Lease,false,Saltwater Villa- Nerul,Goa,Goa,Central Office,44,14.00,545,"292482000000368101",4BHK,4.00,Gold,18-Aug-2026 18:43:44,20-Aug-2025 12:48:52
Ocean Crest Villa- Anjuna Beach,true,Ocean Crest Villa- Anjuna Beach,Lease,false,Ocean Crest Villa- Anjuna Beach,Goa,Goa,Central Office,41,10.00,530,"292482000000368097",3BHK,2.00,Original,18-Aug-2026 18:43:44,20-Aug-2025 12:48:52
Casa Vaga- Vagator,true,Casa Vaga- Vagator,Lease,false,Casa Vaga- Vagator,Goa,Goa,Central Office,40,14.00,547,"292482000000368093",4BHK,5.00,Original,18-Aug-2026 18:43:44,20-Aug-2025 12:48:52
Casa Porto- Anjuna,true,Casa Porto- Anjuna,Lease,false,Casa Porto- Anjuna,Goa,Goa,Central Office,38,16.00,556,"292482000000368089",5BHK,5.00,Gold,18-Aug-2026 18:43:44,20-Aug-2025 12:48:52
Paramount Villa,false,Paramount Villa,Revenue Share,false,Paramount Villa,Lonavala,Maharashtra,Central Office,35,18.00,"911,998","292482000000368085",4BHK,5.00,Original,18-Aug-2026 18:50:06,05-Aug-2025 15:53:00
Blue Pebble Villa,true,Blue Pebble Villa,Lease,false,Blue Pebble Villa,Lonavala,Maharashtra,Central Office,34,20.00,"5012,922","292482000000368081",4.5BHK,5.00,Gold,18-Aug-2026 18:50:06,05-Aug-2025 15:53:00
Sky Villa,false,Sky Villa,Lease,false,Sky Villa,Lonavala,Maharashtra,Central Office,33,18.00,"917,1026,633,994","292482000000368077",3BHK,3.00,Original,18-Aug-2026 18:50:06,05-Aug-2025 15:53:00
EKOSTAY- Kingfisher Villa,true,EKOSTAY- Kingfisher Villa,Lease,false,EKOSTAY- Kingfisher Villa,Lonavala,Maharashtra,Central Office,32,18.00,"916,1020","292482000000368073",4BHK,3.00,Original,18-Aug-2026 18:50:06,05-Aug-2025 15:53:00
EKOSTAY- Sucasa Villa,true,EKOSTAY- Sucasa Villa,Lease,false,EKOSTAY- Sucasa Villa,Lonavala,Maharashtra,Central Office,31,16.00,"915,1007","292482000000368069",5BHK,5.00,Gold,18-Aug-2026 18:50:06,05-Aug-2025 15:53:00
Hill View Villa,true,Hill View Villa,Lease,false,Hill View Villa,Lonavala,Maharashtra,Central Office,30,10.00,"919,1018","292482000000368065",2BHK,2.00,Original,18-Aug-2026 18:50:06,05-Aug-2025 15:53:00
EKOSTAY- Villa Blanco,true,EKOSTAY- Villa Blanco,Lease,false,EKOSTAY- Villa Blanco,Lonavala,Maharashtra,Central Office,28,12.00,"927,1022","292482000000368061",3BHK,3.00,Original,18-Aug-2026 18:50:06,05-Aug-2025 15:53:00
Mount Emerald Villa,true,Mount Emerald Villa,Lease,false,Mount Emerald Villa,Alibaug,Maharashtra,Central Office,22,18.00,"943,659,800,6495","292482000000368057",4BHK,3.00,Original,19-Aug-2026 04:59:56,05-Aug-2025 15:52:45
Casa Polo,true,Casa Polo,Lease,false,Casa Polo,Alibaug,Maharashtra,Central Office,21,15.00,"941,6490","292482000000368053",3BHK,3.00,Original,19-Aug-2026 04:59:56,05-Aug-2025 15:52:45
Panorama Villa,true,Panorama Villa,Lease,false,Panorama Villa,Alibaug,Maharashtra,Central Office,20,15.00,"945,6506","292482000000368049",2BHK,2.00,Original,19-Aug-2026 04:59:56,05-Aug-2025 15:52:45
Lakefront Villa,true,Lakefront Villa,Lease,false,,Alibaug,Maharashtra,Central Office,19,20.00,"942,6491","292482000000368045",4BHK,4.00,Original,19-Aug-2026 04:59:56,05-Aug-2025 15:52:45
Casa Royale,true,Casa Royale,Lease,false,Casa Royale,Alibaug,Maharashtra,Central Office,16,25.00,"6505,930","292482000000368041",6BHK,6.00,Original,19-Aug-2026 04:59:56,05-Aug-2025 15:52:45
EKOSTAY- Bali Villa,false,EKOSTAY- Bali Villa,Revenue Share,false,EKOSTAY- Bali Villa,Alibaug,Maharashtra,Central Office,13,15.00,6507,"292482000000368037",5BHK,5.00,Gold,19-Aug-2026 04:59:56,05-Aug-2025 15:52:45
Pinewood Villa,true,Pinewood Villa,Lease,false,Pinewood Villa,Alibaug,Maharashtra,Central Office,12,15.00,"6649,6487","292482000000368033",3BHK,3.00,Original,19-Aug-2026 04:59:56,05-Aug-2025 15:52:45
